단축코드,한글종목명,기준일자,종가_KRX,시가총액,기초지수_지수명
491610,1Q CD금리액티브(합성),20251126,102675,189024675000,KIS 하나 CD금리 총수익지수
451060,1Q K200액티브,20251126,18250,158775000000,코스피 200
0103T0,1Q K소버린AI,20251126,10110,33363000000,iSelect K소버린AI 지수
463290,1Q 단기금융채액티브,20251126,108740,210955600000,MK 머니마켓 지수(총수익)
0131W0,1Q 단기특수은행채액티브,20251126,100030,20006000000,KIS 단기특수은행채 지수(총수익)
479080,1Q 머니마켓액티브,20251126,52475,998704200000,KIS-하나 MMF 지수(총수익)
0026S0,1Q 미국S&P500,20251126,12115,161129500000,S&P 500
0052S0,1Q 미국S&P500미국채혼합50액티브,20251126,11505,139210500000,S&P 500 and Short-Term Treasury 50/50 Blend Index
0069M0,1Q 미국나스닥100,20251126,12250,62475000000,NASDAQ 100
0111P0,1Q 미국나스닥100미국채혼합50액티브,20251126,10510,98794000000,Nasdaq-100 US T-Bills 0-6 Month 50/50 Index
0083S0,1Q 미국메디컬AI,20251126,12545,55198000000,KEDI 미국메디컬AI 지수
0004G0,1Q 미국배당TOP30,20251126,9115,6380500000,Solactive U.S. Dividend TOP 30 Index PR
0131V0,1Q 미국우주항공테크,20251126,10405,10405000000,Akros 미국우주항공테크 지수
0094X0,1Q 샤오미밸류체인액티브,20251126,9930,23832000000,Solactive-KEDI Xiaomi Focus China Tech Index
0017Y0,1Q 종합채권(AA-이상)액티브,20251126,98440,56307680000,KIS 종합채권형 지수(AA-이상)(총수익)
0052T0,1Q 중단기회사채(A-이상)액티브,20251126,49895,110467530000,KEDI 중단기크레딧플러스채권(AAA~A-)지수(총수익)
472350,1Q 차이나H(H),20251126,16790,13432000000,Hang Seng China H
495330,1Q 코리아밸류업,20251126,15915,52519500000,코리아 밸류업 지수
492500,1Q 현대차그룹채권(A+이상)&국고통안,20251126,51645,137375700000,KIS 하나 현대차그룹채권(A+이상)&국고통안 총수익지수
473440,ACE 11월만기자동연장회사채AA-이상액티브,20251126,10775,96328500000,KIS 11월 만기자동연장회사채(AA-이상) 총수익지수
105190,ACE 200,20251126,56390,634387500000,코스피 200
332500,ACE 200TR,20251126,37470,74940000000,코스피 200 TR
461270,ACE 26-06 회사채(AA-이상)액티브,20251126,11210,237876200000,KIS 크레딧 2606만기형(AA-이상)지수(총수익지수)
475260,ACE 2월만기자동연장회사채AA-이상액티브,20251126,10657,50194470000,KAP 2월 만기자동연장회사채(AA-이상) 총수익지수
385600,ACE 2차전지&친환경차액티브,20251126,8040,18492000000,FnGuide 친환경 자동차 밸류체인 지수
475270,ACE 5월만기자동연장회사채AA-이상액티브,20251126,10625,44625000000,KIS 5월 만기자동연장회사채(AA-이상) 총수익지수
475280,ACE 8월만기자동연장회사채AA-이상액티브,20251126,10615,80461700000,KAP 8월 만기자동연장회사채(AA-이상) 총수익지수
469150,ACE AI반도체포커스,20251126,24405,118364250000,FnGuide AI 반도체 포커스 지수(시장가격)
0079X0,ACE BYD밸류체인액티브,20251126,12245,10408250000,Bloomberg BYD Plus Top Supply Chain Select Price Return Index
385590,ACE ESG액티브,20251126,12655,27841000000,MSCI Korea Country ESG Leaders Custom Capped Price return Index
0010E0,ACE FTSE WGBI Korea,20251126,97520,19504000000,FTSE Korean Government Bond Index(TR)
380340,ACE Fn5G플러스,20251126,15280,9168000000,FnGuide 5G플러스 지수 (시장가격)
226380,ACE Fn성장소비주도주,20251126,6570,5256000000,FnGuide 성장소비주도 지수
475050,ACE KPOP포커스,20251126,10200,216750000000,iSelect K-POP 포커스지수(시장가격)
411060,ACE KRX금현물,20251126,27630,3196791000000,KRX 금현물지수
291130,ACE MSCI멕시코(합성),20251126,17290,15561000000,MSCI MEXICO IMI 25/50 Price return Index
256440,ACE MSCI인도네시아(합성),20251126,9165,40326000000,MSCI Indonesia Index
261920,ACE MSCI필리핀(합성),20251126,13600,5440000000,MSCI Philippines IMI Index
0021D0,ACE TDF2030액티브,20251126,11055,12713250000,Bloomberg Multi Asset Target-date 2030 KRW Index
0021E0,ACE TDF2050액티브,20251126,11800,28910000000,Bloomberg Multi Asset Target-date 2050 KRW Index
225130,ACE 골드선물 레버리지(합성 H),20251126,51445,25722500000,S&P GSCI GOLD Index Excess Return
483340,ACE 구글밸류체인액티브,20251126,14720,42688000000,KEDI 글로벌 AI 클라우드 지수
365780,ACE 국고채10년,20251126,89475,505354800000,KIS 10년 국고채 지수 (총수익)
114460,ACE 국고채3년,20251126,102910,18523800000,KTB INDEX(시장가격)
494340,ACE 글로벌AI맞춤형반도체,20251126,12725,10816250000,Solactive AI Custom Semiconductor Index(PR)
446770,ACE 글로벌반도체TOP4 Plus,20251126,43125,659812500000,Solactive Global Semiconductor TOP4 Plus Price Return Index
435040,ACE 글로벌브랜드TOP10,20251126,20190,13123500000,Bloomberg Global Select Industry Leaders TOP10 Index(PR)
497510,ACE 글로벌빅파마,20251126,12395,8676500000,Solactive Global Big Pharma Index (Price Return)
460960,ACE 글로벌인컴TOP10,20251126,11930,69194000000,Solactive Global Superior Income TOP 10 Price Return Index
414270,ACE 글로벌자율주행액티브,20251126,13205,39615000000,FactSet US-China Electric&Autonomous Vehicle Price Return Index
440640,ACE 단기채권알파액티브,20251126,111750,76995750000,KIS 단기채권알파AA-이상 총수익지수
190620,ACE 단기통안채,20251126,102730,210493770000,KIS MSB 단기지수(총수익)
494330,ACE 라이프자산주주가치액티브,20251126,15080,51272000000,FnGuide 기업가치 지수(시장가격)
265690,ACE 러시아MSCI(합성),20251126,8535,15789750000,MSCI Russia 25% Capped Price Return Index
152500,ACE 레버리지,20251126,16750,20100000000,코스피 200
483330,ACE 마이크로소프트밸류체인액티브,20251126,12800,12160000000,KEDI 글로벌생성형AI 지수
487340,ACE 머니마켓액티브,20251126,104585,590382325000,MK-KAP 머니마켓 총수익지수
0085P0,ACE 미국10년국채액티브,20251126,10915,42568500000,ICE U.S. Treasury 7-10 Year Bond Index (Total Return)
0085N0,ACE 미국10년국채액티브(H),20251126,10285,17484500000,ICE U.S. Treasury 7-10 Year Bond Index (Total Return)
452250,ACE 미국30년국채선물레버리지(합성 H),20251126,5770,78760500000,S&P Ultra T-Bond Futures Index(ER)
476760,ACE 미국30년국채액티브,20251126,10385,353090000000,Bloomberg U.S Treasury 20+ Year Total Return Index
453850,ACE 미국30년국채액티브(H),20251126,7910,2260678000000,Bloomberg U.S Treasury 20+ Year Total Return Index
476750,ACE 미국30년국채엔화노출액티브(H),20251126,9025,97470000000,Bloomberg U.S. Treasury 20+ Year Total Return Index T1530 JPY Currency Hedged
480030,ACE 미국500데일리타겟커버드콜(합성),20251126,10835,159274500000,Bloomberg US 500 Large Cap Premium Decrement 15% Distribution Index
0118Z0,ACE 미국AI테크핵심산업액티브,20251126,8445,168055500000,Akros U.S. AI Innovator Price Return Index
280320,ACE 미국IT인터넷(합성 H),20251126,20695,16556000000,다우존스 인터넷 종합지수
360200,ACE 미국S&P500,20251126,24955,2857347500000,S&P 500
438080,ACE 미국S&P500채권혼합액티브,20251126,14195,611804500000,S&P500 and Short-Term Treasury 30/70 Blend Index
309230,ACE 미국WideMoat동일가중,20251126,30370,136665000000,MorningStar Wide Moat Focus Index
367380,ACE 미국나스닥100,20251126,28075,2349877500000,NASDAQ 100
438100,ACE 미국나스닥100미국채혼합50액티브,20251126,14970,420657000000,NASDAQ-100 US T-Bills 50/50 Index
456880,ACE 미국달러SOFR금리(합성),20251126,12540,350367600000,Solactive SOFR Daily Total Return Index
440650,ACE 미국달러단기채권액티브,20251126,12400,35960000000,Bloomberg Short-Term Treasury Total Return Index
0127M0,ACE 미국대형가치주액티브,20251126,10100,178265000000,CRSP US Large Cap Value Index(PR)
0127P0,ACE 미국대형성장주액티브,20251126,10055,480126250000,CRSP US Large Cap Growth Index(PR)
480040,ACE 미국반도체데일리타겟커버드콜(합성),20251126,11835,89946000000,Bloomberg US Listed Semiconductor Premium Decrement 15% Distribution Index
402970,ACE 미국배당다우존스,20251126,12900,635970000000,Dow Jones U.S. Dividend 100 Price Return Index
0046Y0,ACE 미국배당퀄리티,20251126,11910,41685000000,WisdomTree U.S. Quality Dividend Growth Index (Price Return)
0049M0,ACE 미국배당퀄리티+커버드콜액티브,20251126,11410,67889500000,Bloomberg WisdomTree U.S. Quality Dividend & B500 Premium Decrement 50:50 Index
0049K0,ACE 미국배당퀄리티채권혼합50,20251126,10895,15253000000,Bloomberg WisdomTree U.S. Quality Dividend & Short Term KRW Bonds 50:50 TR Index
181480,ACE 미국부동산리츠(합성 H),20251126,81220,9746400000,Dow Jones U.S. Real Estate Index
480020,ACE 미국빅테크7+데일리타겟커버드콜(합성),20251126,12945,188997000000,Bloomberg US Big Tech Top 7 Plus Premium Decrement 15% Distribution Index
465580,ACE 미국빅테크TOP7 Plus,20251126,23375,1007462500000,Solactive US Big Tech Top 7 Plus Price Return Index
465610,ACE 미국빅테크TOP7 Plus레버리지(합성),20251126,42595,132044500000,Solactive US Big Tech Top 7 Plus Price Return Index
465620,ACE 미국빅테크TOP7 Plus인버스(합성),20251126,7270,1817500000,Solactive US Big Tech Top 7 Plus Price Return Index
473590,ACE 미국주식베스트셀러,20251126,20515,69751000000,FnGuide 미국 주식 베스트셀러 지수(시장가격지수)
0008E0,ACE 미국중심중소형제조업,20251126,11475,13196250000,NYSE FactSet US Focus Manufacturing Index(Price Return)
391600,ACE 미국친환경그린테마,20251126,11410,10269000000,Indxx US Green Infrastructure Price return Index
455660,ACE 미국하이일드액티브(H),20251126,9870,33558000000,Markit iBoxx USD Liquid High Yield Total Return Index
245710,ACE 베트남VN30(합성),20251126,29925,392017500000,VN30 Index(PR)
131890,ACE 삼성그룹동일가중,20251126,26205,13102500000,MKF SAMs EW 지수
108450,ACE 삼성그룹섹터가중,20251126,22090,61852000000,MKF SAMs SW
316300,ACE 싱가포르리츠,20251126,14730,7365000000,Morningstar Singapore REIT Yield Focus Index(PR)
277540,ACE 아시아TOP50,20251126,23585,20047250000,S&P ASIA50 Price Return Index
483420,ACE 애플밸류체인액티브,20251126,14400,14400000000,Bloomberg Top 30 Supply Chain Plus Apple Price Return Index
483320,ACE 엔비디아밸류체인액티브,20251126,14145,181763250000,KEDI 글로벌AI반도체 지수
448540,ACE 엔비디아채권혼합,20251126,24965,262132500000,Bloomberg Blended NVIDIA Equity and Korean Bond Index
0099L0,ACE 우량회사채(AA-이상)액티브,20251126,99720,131730120000,KIS 1~3년 우량크레딧(AA-이상) 총수익지수
433500,ACE 원자력TOP10,20251126,40550,101375000000,DeepSearch 원자력 TOP 10지수
0102X0,ACE 유럽방산TOP10,20251126,8555,9838250000,NYSE FactSet Europe Defense TOP10 Index (Price Return)
487920,ACE 인도시장대표BIG5그룹액티브,20251126,9005,9905500000,Indxx India Big 5 Conglomerates Index (Price Return)
487910,ACE 인도컨슈머파워액티브,20251126,10030,49147000000,Indxx India Super Consumption Index (Price Return)
145670,ACE 인버스,20251126,3320,2324000000,코스피 200 선물지수
497520,ACE 일라이릴리밸류체인,20251126,13125,9187500000,Solactive Eli Lilly Value Chain Index(PR)
238720,ACE 일본Nikkei225(H),20251126,35820,28656000000,Nikkei 225
196030,ACE 일본TOPIX레버리지(H),20251126,62210,31105000000,TOPIX
205720,ACE 일본TOPIX인버스(합성 H),20251126,1892,6811200000,TOPIX
469160,ACE 일본반도체,20251126,15672,6268800000,Bloomberg Japan Semiconductor Select Top 25 Index(Price Return)
0021C0,ACE 장기자산배분액티브,20251126,12360,12360000000,Bloomberg Multi Asset Target-date 2080 KRW Index
356540,ACE 종합채권(AA-이상)액티브,20251126,106915,851150315000,KIS 종합채권 AA-이상 총수익 지수(Total return Index)
447430,ACE 주주환원가치주액티브,20251126,15245,77749500000,FnGuide 올라운드 가치주 지수
416090,ACE 중국과창판STAR50,20251126,10505,15757500000,STAR 50 Index(Price Return)
168580,ACE 중국본토CSI300,20251126,34540,123653200000,CSI 300 Index
219900,ACE 중국본토CSI300레버리지(합성),20251126,4450,8010000000,CSI 300 Index
272910,ACE 중장기국공채액티브,20251126,108250,65816000000,KIS 종합채권국공채1-10Y지수
0087F0,ACE 차이나AI빅테크TOP2+액티브,20251126,11075,15505000000,Solactive China AI Big Tech TOP2+ Index (Price Return)
371870,ACE 차이나항셍테크,20251126,8920,16056000000,Hang Seng TECH Index
496120,ACE 코리아밸류업,20251126,16175,13748750000,코리아 밸류업 지수
354500,ACE 코스닥150,20251126,15220,27396000000,코스닥 150
305050,ACE 코스피,20251126,41040,18468000000,코스피
457480,ACE 테슬라밸류체인액티브,20251126,20850,1189492500000,Bloomberg EV Supporters Plus Tesla Price Return Index
469170,ACE 포스코그룹포커스,20251126,5950,82110000000,FnGuide 포스코그룹포커스 지수(시장가격)
495710,BNK 26-06 특수채(AAA이상)액티브,20251126,51455,108364230000,KAP 26-06 특수채 총수익 지수(AAA이상)
466810,BNK 2차전지양극재,20251126,6325,13282500000,iSelect 2차전지양극재 지수
457930,BNK 미래전략기술액티브,20251126,18605,11163000000,iSelect 미래전략기술 지수 (PR)
487750,BNK 온디바이스AI,20251126,13070,19605000000,FnGuide 온디바이스AI 지수
445690,BNK 주주가치액티브,20251126,20775,24930000000,FnGuide 주주가치 지수
486240,DAISHIN343 AI반도체&인프라액티브,20251126,13675,38290000000,FnGuide AI반도체&인프라 지수
434960,DAISHIN343 K200,20251126,56670,45336000000,코스피 200
0098Z0,FOCUS 200,20251126,47935,16777250000,코스피 200
448570,FOCUS AI코리아액티브,20251126,18345,37607250000,코스피
285690,FOCUS ESG리더스,20251126,15600,14040000000,KRX ESG Leaders 150
0073X0,FOCUS 알리바바미국채커버드콜혼합,20251126,11740,9979000000,KEDI 알리바바미국채커버드콜혼합지수(TR)
293180,HANARO 200,20251126,56305,472962000000,코스피 200
407310,HANARO 200 TOP10,20251126,11495,5747500000,코스피 200 Top 10 지수
332930,HANARO 200TR,20251126,73135,131643000000,코스피 200 TR
304780,HANARO 200선물레버리지,20251126,45470,63658000000,코스피 200 선물지수
306520,HANARO 200선물인버스,20251126,6130,2145500000,코스피 200 선물지수
489570,HANARO 25-12 은행채(AA+이상)액티브,20251126,10360,124112800000,KIS 은행채2512만기형 지수
0091M0,HANARO 27-06 회사채(AA-이상)액티브,20251126,10000,102500000000,KIS 회사채(AA-이상)2706만기형지수(총수익)
448490,HANARO 32-10 국고채액티브,20251126,56430,29005020000,KAP 32-10 국고채 10년 총수익지수
454320,HANARO CAPEX설비투자iSelect,20251126,31595,86886250000,iSelect CAPEX 설비투자 지수(시장가격)
395290,HANARO Fn K-POP&미디어,20251126,7800,63180000000,FnGuide K-POP & 미디어 지수
395280,HANARO Fn K-게임,20251126,3910,11730000000,FnGuide K-게임 지수
368190,HANARO Fn K-뉴딜디지털플러스,20251126,8900,40940000000,FnGuide K-뉴딜 디지털 플러스 지수
402460,HANARO Fn K-메타버스MZ,20251126,8445,5911500000,FnGuide K-메타버스 MZ 지수(시장가격)
395270,HANARO Fn K-반도체,20251126,18870,954822000000,FnGuide K-반도체 지수
438900,HANARO Fn K-푸드,20251126,11945,20903750000,FnGuide K-푸드 지수 (시장가격)
367740,HANARO Fn5G산업,20251126,20480,11264000000,FnGuide 5G 산업 지수
407300,HANARO Fn골프테마,20251126,8950,4922500000,FnGuide 골프 테마 지수
381560,HANARO Fn전기&수소차,20251126,9755,17559000000,FnGuide 전기&수소차 지수 (시장가격)
441540,HANARO Fn조선해운,20251126,30070,115769500000,FnGuide 조선해운지수
381570,HANARO Fn친환경에너지,20251126,8170,6944500000,FnGuide 친환경에너지 지수 (시장가격)
479850,HANARO K-뷰티,20251126,14690,55822000000,FnGuide K-뷰티 지수
453060,HANARO KOFR금리액티브(합성),20251126,109225,12014750000,KOFR 지수
304760,HANARO KRX300,20251126,25590,10236000000,KRX 300
322410,HANARO K고배당,20251126,18145,21774000000,FnGuide 고배당 알파 지수
332940,HANARO MSCI Korea TR,20251126,24105,57852000000,MSCI Korea TR Index
322400,HANARO e커머스,20251126,12300,55965000000,FnGuide E커머스 지수
473640,HANARO 글로벌금채굴기업,20251126,29420,58840000000,NYSE Arca Gold Miners Index (Price Return)
354350,HANARO 글로벌럭셔리S&P(합성),20251126,21910,16870700000,S&P Global Luxury Index
461340,HANARO 글로벌생성형AI액티브,20251126,26945,44459250000,Solactive United States Technology 100 Index(Price Return)
424460,HANARO 글로벌워터MSCI(합성),20251126,15490,9294000000,MSCI ACWI IMI Water ESG Filtered (Price Return)
401590,HANARO 글로벌탄소배출권선물ICE(합성),20251126,11800,6490000000,ICE Global Carbon Futures Index(Excess Return)
0040S0,HANARO 글로벌피지컬AI액티브,20251126,15795,24482250000,Solactive Physical AI Index
314700,HANARO 농업융복합산업,20251126,11210,6165500000,FnGuide 농업융복합산업 지수(시장가격)
486830,HANARO 머니마켓액티브,20251126,52255,50164800000,KIS-NH Amundi MMF지수
432840,HANARO 미국S&P500,20251126,18560,14848000000,S&P 500
498050,HANARO 바이오코리아액티브,20251126,15720,14934000000,iSelect K-바이오헬스케어
476260,HANARO 반도체핵심공정주도주,20251126,8165,18779500000,FnGuide 반도체 핵심공정 지수
434730,HANARO 원자력iSelect,20251126,48860,488600000000,iSelect 원자력지수 (시장가격)
0082F0,HANARO 유럽방산,20251126,9900,9405000000,Stoxx 유럽 방산 지수
491820,HANARO 전력설비투자,20251126,27875,73868750000,iSelect 전력설비투자 지수
461500,HANARO 종합채권(AA-이상)액티브,20251126,109560,89181840000,KAP 종합채권 총수익지수(AA-이상)
0111J0,HANARO 증권고배당TOP3플러스,20251126,9865,31568000000,FnGuide 증권 고배당 TOP3 플러스 지수
495750,HANARO 코리아밸류업,20251126,15935,34260250000,코리아 밸류업 지수
304770,HANARO 코스닥150,20251126,15170,18204000000,코스닥 150
306530,HANARO 코스닥150선물레버리지,20251126,11095,3772300000,F-코스닥150 지수
375760,HANARO 탄소효율그린뉴딜,20251126,13250,11925000000,KRX/S&P 탄소효율 그린뉴딜지수
491700,HK 200,20251126,56415,33849000000,코스피 200
0000Y0,HK 26-12 회사채(AA-이상)액티브,20251126,102910,124006550000,KAP 26-12 크레딧 채권 총수익지수(AA-이상)
215620,HK S&P코리아로우볼,20251126,16045,10108350000,S&P Korea 저변동성 지수
0113P0,HK 머니마켓액티브,20251126,100385,51999430000,KAP 머니마켓 지수(총수익)
391670,HK 베스트일레븐액티브,20251126,14725,13988750000,코스피 200
472920,HK 종합채권(AA-이상)액티브,20251126,109630,176942820000,KAP 종합채권 AA- 이상 지수(총수익)
472840,ITF 200,20251126,55930,15380750000,코스피 200
0005G0,ITF K-AI반도체코어테크,20251126,19535,18558250000,FnGuide K-AI반도체 코어테크 지수
483570,KCGI 미국S&P500 TOP10,20251126,15630,25008000000,S&P500 Top10 25% Capped Index(PR)
069660,KIWOOM 200,20251126,55980,545805000000,코스피 200
294400,KIWOOM 200TR,20251126,73085,1216865250000,코스피 200 TR
253250,KIWOOM 200선물레버리지,20251126,37165,17095900000,코스피 200 선물지수
253240,KIWOOM 200선물인버스,20251126,3435,2404500000,코스피 200 선물지수
253230,KIWOOM 200선물인버스2X,20251126,735,3873450000,코스피 200 선물지수
464240,KIWOOM 26-09회사채(AA-이상)액티브,20251126,52640,283729600000,KIS 2609 만기형 크레딧 종합채권 지수(AA-이상)(총수익지수)
458210,KIWOOM CD금리액티브(합성),20251126,108295,181394125000,FnGuide CD91일 금리투자 지수(총수익)
460280,KIWOOM Fn유전자혁신기술,20251126,11995,7197000000,FnGuide 유전자혁신기술 지수(시장가격)
488200,KIWOOM K-2차전지북미공급망,20251126,11070,19926000000,Solactive K-Battery North America Supply Chain 지수
488210,KIWOOM K-반도체북미공급망,20251126,12030,15639000000,Solactive K-Semiconductor North America Supply Chain 지수
469790,KIWOOM K-테크TOP10,20251126,18255,12778500000,Solactive K-TechTOP10 Index(PR)
100910,KIWOOM KRX100,20251126,8725,18322500000,KRX 100
435530,KIWOOM TDF2030액티브,20251126,14660,7330000000,Dow Jones Target 2030 Index (Total Return)
435540,KIWOOM TDF2040액티브,20251126,16125,8062500000,Dow Jones Target 2040 Index (Total Return)
435550,KIWOOM TDF2050액티브,20251126,16465,8232500000,Dow Jones Target 2050 Index (Total Return)
104530,KIWOOM 고배당,20251126,15560,45124000000,MKF 웰스 고배당20
148070,KIWOOM 국고채10년,20251126,113875,624604375000,KIS 10년 국고채 지수 (총수익)
167860,KIWOOM 국고채10년레버리지,20251126,108130,31357700000,KIS 10년 국고채 지수 (총수익)
471460,KIWOOM 국고채30년액티브,20251126,58850,38841000000,KIS-키움 국고채30년 지수(총수익지수)
114470,KIWOOM 국고채3년,20251126,110090,36329700000,KTB INDEX(시장가격)
473490,KIWOOM 글로벌AI반도체,20251126,20425,29616250000,Solactive Global AI Semiconductor Index (Price Return)
489860,KIWOOM 글로벌전력GRID인프라,20251126,13155,7235250000,NASDAQ OMX Clean Edge Smart Grid Infrastructure Index
394350,KIWOOM 글로벌퓨처모빌리티,20251126,14870,5948000000,MSCI ACWI IMI 퓨처모빌리티 ESG 지수(시장가격)
130730,KIWOOM 단기자금,20251126,104055,119455140000,MK 머니마켓 지수(총수익)
419890,KIWOOM 단기채권ESG액티브,20251126,108885,70775250000,KIS ESG 9M~1.5Y
411860,KIWOOM 독일DAX,20251126,17090,15381000000,DAX Index(PR)
476450,KIWOOM 머니마켓액티브,20251126,52970,293241920000,KIS-키움 MMF지수(총수익지수)
430500,KIWOOM 물가채KIS,20251126,115330,11533000000,KIS TIPS 지수(총수익)
426330,KIWOOM 미국ETF산업STOXX,20251126,15395,3079000000,STOXX USA ETF Industry Index (KRW)
449770,KIWOOM 미국S&P500,20251126,19835,79340000000,S&P 500
0127V0,KIWOOM 미국S&P500 TOP10&배당다우비중전환,20251126,10235,11770250000,S&P500 TOP10 생애배당다우존스 2040 지수
0127T0,KIWOOM 미국S&P500&배당다우존스비중전환,20251126,10155,10662750000,S&P500 생애배당다우존스 2040 지수
449780,KIWOOM 미국S&P500(H),20251126,16820,31958000000,S&P 500
0107F0,KIWOOM 미국고배당&AI테크,20251126,10335,27904500000,Akros 미국AI테크TOP10&미국고배당3070지수
453080,KIWOOM 미국나스닥100(H),20251126,19950,65835000000,NASDAQ 100
460270,KIWOOM 미국달러SOFR금리액티브(합성),20251126,12940,10481400000,Solactive SOFR Daily Total Return Index
138230,KIWOOM 미국달러선물,20251126,16950,27798000000,미국달러선물지수
225800,KIWOOM 미국달러선물레버리지,20251126,16795,10748800000,미국달러선물지수
139660,KIWOOM 미국달러선물인버스,20251126,7960,57710000000,미국달러선물지수
230480,KIWOOM 미국달러선물인버스2X,20251126,4265,10321300000,미국달러선물지수
0084E0,KIWOOM 미국대형주500월간목표헤지액티브,20251126,10260,11286000000,Akros 미국대형주500 월간방어적배부 지수(TR)
373790,KIWOOM 미국방어배당성장나스닥,20251126,16180,5501200000,Nasdaq US Low Volatility Dividend Achievers Index
483030,KIWOOM 미국블록버스터바이오테크의약품+,20251126,11115,5001750000,Solactive Blockbuster Biotech Drugs Index(PR)
459790,KIWOOM 미국성장기업30액티브,20251126,18320,24732000000,MSCI USA Index(Price Return)
498270,KIWOOM 미국양자컴퓨팅,20251126,13380,258903000000,Solactive U.S. Quantum Computing Index(PR)
474800,KIWOOM 미국원유에너지기업,20251126,11955,8368500000,MSCI US IMI Energy 25/50 Index(Price Return)
0084D0,KIWOOM 미국테크100월간목표헤지액티브,20251126,11010,9909000000,Akros 미국테크100 월간방어적배분 지수(TR)
104520,KIWOOM 블루칩,20251126,11635,12798500000,MKF 블루칩
0015E0,KIWOOM 엔비디아미국30년국채혼합액티브(H),20251126,10745,8596000000,Bloomberg Blended NVIDIA and US Long Treasury Bond Index
483020,KIWOOM 의료AI,20251126,13400,8710000000,FnGuide 의료AI 지수
200250,KIWOOM 인도Nifty50(합성),20251126,26655,239895000000,Nifty 50 Index
454780,KIWOOM 종합채권(AA-이상)액티브,20251126,107430,484724160000,KIS 종합 채권시장지수(AA-이상)(총수익지수)
441330,KIWOOM 차이나A50커넥트MSCI,20251126,12470,4988000000,MSCI China A50 Connect Index
454180,KIWOOM 차이나내수소비TOP CSI,20251126,9460,4257000000,CSI SH-HK-SZ Consumer Top Index
496090,KIWOOM 코리아밸류업,20251126,15905,65210500000,코리아 밸류업 지수
316670,KIWOOM 코스닥150,20251126,7560,14061600000,코스닥 150
291630,KIWOOM 코스닥150선물레버리지,20251126,5540,2548400000,F-코스닥150 지수
291620,KIWOOM 코스닥150선물인버스,20251126,5365,2789800000,F-코스닥150 지수
153270,KIWOOM 코스피100,20251126,42295,16072100000,코스피 100
122260,KIWOOM 통안채1년,20251126,105370,44255400000,MK 통안채지수(총수익)
0015F0,KIWOOM 팔란티어미국30년국채혼합액티브(H),20251126,11025,24255000000,Bloomberg Blended PALANTIR and US Long Treasury Bond Index
0097L0,KIWOOM 한국고배당&미국AI테크,20251126,10865,24989500000,Akros 미국AI테크TOP10&한국고배당3070 지수
069500,KODEX 200,20251126,56080,10826244000000,코스피 200
226980,KODEX 200 중소형,20251126,19875,15900000000,코스피 200 중소형주지수
337160,KODEX 200ESG,20251126,22570,51911000000,코스피 200 ESG 지수
363580,KODEX 200IT TR,20251126,20185,64592000000,코스피200 정보기술 TR
278530,KODEX 200TR,20251126,20140,3658431000000,코스피 200 TR
337150,KODEX 200exTOP,20251126,19395,17455500000,코스피 200 초대형제외 지수
223190,KODEX 200가치저변동,20251126,17100,17100000000,코스피 200 가치저변동성
252650,KODEX 200동일가중,20251126,15170,9102000000,코스피 200 동일가중지수
360140,KODEX 200롱코스닥150숏선물,20251126,11935,34611500000,코스피200 롱 100% 코스닥150 숏 100% 선물지수
284430,KODEX 200미국채혼합,20251126,16705,509168400000,코스피 200 미국채 혼합지수
252670,KODEX 200선물인버스2X,20251126,734,1564667800000,코스피 200 선물지수
494890,KODEX 200액티브,20251126,16170,480249000000,코스피 200
498400,KODEX 200타겟위클리커버드콜,20251126,13045,1536701000000,코스피 200 타겟 15% 위클리 커버드콜 지수
491080,KODEX 25-12 은행채(AAA)액티브,20251126,103945,313913900000,KAP 25-12 은행채 총수익 지수
0117L0,KODEX 26-12 금융채(AA-이상)액티브,20251126,10000,1229500000000,KAP 26-12 금융채 총수익 지수(AA-이상)
473290,KODEX 26-12 회사채(AA-이상)액티브,20251126,10890,823610700000,KAP 26-12 회사채 총수익 지수(AA-이상)
0007F0,KODEX 27-12 회사채(AA-이상)액티브,20251126,10240,502476800000,KAP 27-12 회사채 총수익 지수(AA-이상)
0119H0,KODEX 28-12 회사채(AA-이상)액티브,20251126,9965,116690150000,KAP 28-12 회사채 총수익 지수(AA- 이상)
305720,KODEX 2차전지산업,20251126,15395,1581066500000,FnGuide 2차전지 산업 지수
462330,KODEX 2차전지산업레버리지,20251126,1638,515314800000,FnGuide 2차전지 산업 지수
461950,KODEX 2차전지핵심소재10,20251126,5580,194463000000,FnGuide 2차전지핵심소재10 지수
457690,KODEX 33-06 국고채액티브,20251126,11025,25467750000,KAP 33-06 국고채 총수익 지수
271060,KODEX 3대농산물선물(H),20251126,8035,26997600000,S&P GSCI Grains Select Index ER
457700,KODEX 53-09 국고채액티브,20251126,11450,17518500000,KAP 53-09 국고채 총수익 지수
395160,KODEX AI반도체,20251126,16445,748247500000,FnGuide AI반도체지수
471990,KODEX AI반도체핵심장비,20251126,16270,212323500000,iSelect AI 반도체핵심장비 지수
487240,KODEX AI전력핵심설비,20251126,23110,998352000000,iSelect AI 전력핵심설비 지수(Price Return)
481050,KODEX CD1년금리플러스액티브(합성),20251126,1023560,2569852092000,KAP 1년은행 CD+추가금리 지수(총수익지수)
459580,KODEX CD금리액티브(합성),20251126,1075400,8633096120000,KAP 양도성예금증서(CD)금리지수(총수익지수)
439860,KODEX ESG종합채권(A-이상)액티브,20251126,115900,489445700000,"KAP ESG 종합채권지수(A- 이상, 총수익)"
266370,KODEX IT,20251126,27760,33312000000,KRX 정보기술
368680,KODEX K-뉴딜디지털플러스,20251126,8950,8950000000,FnGuide K-뉴딜 디지털 플러스 지수
423160,KODEX KOFR금리액티브(합성),20251126,110845,4203353245000,KOFR 지수
292190,KODEX KRX300,20251126,25950,31140000000,KRX 300
306950,KODEX KRX300레버리지,20251126,30915,30915000000,KRX 300
229720,KODEX KTOP30,20251126,21980,10990000000,KTOP 30
0080G0,KODEX K방산TOP10,20251126,9295,197054000000,iSelect K방산 TOP10 지수(Price Return)
0100K0,KODEX K방산TOP10레버리지,20251126,7330,39582000000,iSelect K방산 TOP10 지수(Price Return)
0098F0,KODEX K원자력SMR,20251126,10700,116630000000,iSelect K원자력SMR 지수(Price Return)
0115D0,KODEX K조선TOP10,20251126,9275,80692500000,KRX K조선 TOP10 지수
266360,KODEX K콘텐츠,20251126,13175,64557500000,KRX K콘텐츠
291890,KODEX MSCI EM선물(H),20251126,10120,7084000000,iEdge Emerging Markets Futures Index(ER)
289040,KODEX MSCI KOREA ESG유니버설,20251126,16335,11434500000,MSCI Korea ESG Universal Capped Index
156080,KODEX MSCI Korea,20251126,25930,18151000000,MSCI Korea Index
278540,KODEX MSCI Korea TR,20251126,19120,946440000000,MSCI Korea TR Index
251350,KODEX MSCI선진국,20251126,36450,451980000000,MSCI World
269420,KODEX S&P글로벌인프라(합성),20251126,21930,21798420000,S&P Global Infrastructure Index
433970,KODEX TDF2030액티브,20251126,13645,67542750000,Samsung Korea Target Date 2030 Index (Price Return)
433980,KODEX TDF2040액티브,20251126,15090,82240500000,Samsung Korea Target Date 2040 Index (Price Return)
434060,KODEX TDF2050액티브,20251126,16150,368220000000,Samsung Korea Target Date 2050 Index (Price Return)
0082V0,KODEX TDF2060액티브,20251126,10980,60939000000,Samsung Korea Target Date 2060 Index
329650,KODEX TRF3070,20251126,14335,255163000000,FnGuide TRF 3070 지수
329660,KODEX TRF5050,20251126,17560,96580000000,FnGuide TRF 5050 지수
329670,KODEX TRF7030,20251126,21180,78366000000,FnGuide TRF 7030 지수
395170,KODEX Top10동일가중,20251126,10490,72381000000,FnGuide TOP10 동일가중 지수
315930,KODEX Top5PlusTR,20251126,39010,1119587000000,FnGuide TOP 5 Plus Total Return 지수
261220,KODEX WTI원유선물(H),20251126,13465,86849250000,S&P GSCI Crude Oil Index ER
271050,KODEX WTI원유선물인버스(H),20251126,4305,14206500000,S&P GSCI Crude Oil Index ER
468370,KODEX iShares미국인플레이션국채액티브,20251126,11715,16401000000,ICE U.S. Treasury Inflation Linked Bond Index(Total Return)
468630,KODEX iShares미국투자등급회사채액티브,20251126,12115,30408650000,Markit iBoxx USD Liquid Investment Grade Index(Total Return)
468380,KODEX iShares미국하이일드액티브,20251126,11900,106148000000,ICE BofAML US HY Constrained Index(Total Return)
275290,KODEX 가치주,20251126,16380,14742000000,MSCI Korea IMI Enhanced Value Capped
117700,KODEX 건설,20251126,3895,33497000000,KRX 건설
300950,KODEX 게임산업,20251126,6305,35308000000,FnGuide 게임 산업 지수
266390,KODEX 경기소비재,20251126,9825,5895000000,KRX 경기소비재
279530,KODEX 고배당주,20251126,13830,312558000000,FnGuide 고배당 Plus 지수
132030,KODEX 골드선물(H),20251126,24260,393012000000,S&P GSCI Gold Index(TR)
280940,KODEX 골드선물인버스(H),20251126,3620,3439000000,S&P GSCI GOLD Index Excess Return
138910,KODEX 구리선물(H),20251126,8150,28525000000,S&P GSCI North American Copper Index(TR)
471230,KODEX 국고채10년액티브,20251126,111450,647635950000,KAP 국고채 10년 지수(TR)
439870,KODEX 국고채30년액티브,20251126,112540,559999040000,KAP 국고채 30년 총수익 지수
114260,KODEX 국고채3년,20251126,62550,422212500000,MKF 국고채지수(총수익)
152380,KODEX 국채선물10년,20251126,69115,81279240000,10년국채선물지수
176950,KODEX 국채선물10년인버스,20251126,56285,174596070000,10년국채선물지수
292770,KODEX 국채선물3년인버스,20251126,56635,6796200000,국채선물지수
276990,KODEX 글로벌로봇(합성),20251126,22515,28233810000,ROBO Global Robotics & Automation UCITS Price Return Index
476070,KODEX 글로벌비만치료제TOP2 Plus,20251126,11810,86803500000,iSelect 글로벌 비만치료제TOP2 Plus 지수(PR)
0064K0,KODEX 금액티브,20251126,12750,221977500000,Bloomberg Gold Spot NY 4pm USD Index
0089D0,KODEX 금융고배당TOP10,20251126,10940,219894000000,코스피 200 금융 고배당 TOP 10 지수
498410,KODEX 금융고배당TOP10타겟위클리커버드콜,20251126,12500,490000000000,코스피 200 금융 고배당 TOP 10 타겟 15%분배 위클리 커버드콜 지수
102960,KODEX 기계장비,20251126,13735,20327800000,KRX 기계장비
404260,KODEX 기후변화솔루션,20251126,15200,13680000000,KRX 기후변화 솔루션지수
273140,KODEX 단기변동금리부채권액티브,20251126,114715,295391125000,KAP 단기변동금리부은행채권지수
153130,KODEX 단기채권,20251126,113450,716436750000,KRW Cash 지수(총수익)
214980,KODEX 단기채권PLUS,20251126,114830,1927191890000,KRW Cash PLUS 지수(총수익)
487950,KODEX 대만테크고배당다우존스,20251126,10180,13743000000,Dow Jones Taiwan Technology Dividend 30 Index(TWD)(PR)
122630,KODEX 레버리지,20251126,40845,3584148750000,코스피 200
445290,KODEX 로봇액티브,20251126,21770,346143000000,iSelect K-로봇테마 지수
488770,KODEX 머니마켓액티브,20251126,104285,8426436570000,KAP MMF 지수(TR)
321410,KODEX 멀티에셋하이인컴(H),20251126,10425,5212500000,Morningstar Multi-Asset High Income 10% Capped Index
337120,KODEX 멀티팩터,20251126,19090,11454000000,FnGuide 멀티팩터 지수
401470,KODEX 메타버스액티브,20251126,7700,89705000000,FnGuide K-메타버스 지수
244620,KODEX 모멘텀Plus,20251126,14595,8757000000,FnGuide 모멘텀 Plus 지수
275280,KODEX 모멘텀주,20251126,22355,15648500000,MSCI Korea IMI Momentum Capped
308620,KODEX 미국10년국채선물,20251126,12730,103113000000,S&P 10-Year U.S. Treasury Note Futures KRW(ER)
0091C0,KODEX 미국10년국채액티브(H),20251126,10165,157354200000,KAP 미국 국채 10년 지수(총수익)
484790,KODEX 미국30년국채액티브(H),20251126,9175,710053250000,KEDI-KAP 미국 국채 20+ 지수(TR)
304660,KODEX 미국30년국채울트라선물(H),20251126,7830,257607000000,S&P Ultra T-Bond Futures Index(ER)
304670,KODEX 미국30년국채울트라선물인버스(H),20251126,11485,6891000000,S&P Ultra T-Bond Futures Index(ER)
481060,KODEX 미국30년국채타겟커버드콜(합성 H),20251126,8550,901170000000,Bloomberg U.S.Treasury 20+ Year(TLT)+ 12% Premium Covered Call index(TR)
0041D0,KODEX 미국AI소프트웨어TOP10,20251126,14695,70536000000,iSelect 미국 AI 소프트웨어 TOP10 지수(PR)
487230,KODEX 미국AI전력핵심인프라,20251126,17455,1425200750000,iSelect 미국AI전력핵심인프라 지수(Price Return)
485540,KODEX 미국AI테크TOP10,20251126,14820,294177000000,KEDI 미국AI테크 TOP10 지수(PR)
483280,KODEX 미국AI테크TOP10타겟커버드콜,20251126,13055,569198000000,KEDI 미국 AI 테크 TOP10+15%프리미엄 지수(Total Return)
428560,KODEX 미국ETF산업Top10 Indxx,20251126,16780,14263000000,Indxx US ETF Industry Top10 Index(Price Return)
379800,KODEX 미국S&P500,20251126,22620,6511167000000,S&P 500
449180,KODEX 미국S&P500(H),20251126,15425,674843750000,S&P 500
453660,KODEX 미국S&P500경기소비재,20251126,18475,12932500000,S&P Consumer Discretionary Select Sector Index(Price Return)
453650,KODEX 미국S&P500금융,20251126,18960,44556000000,S&P Financial Select Sector Index(Price Return)
0005A0,KODEX 미국S&P500데일리커버드콜OTM,20251126,9990,111888000000,S&P 500 Covered Call 1% OTM Daily Index(TR)
276970,KODEX 미국S&P500배당귀족커버드콜(합성 H),20251126,7580,35626000000,S&P500 Dividend Aristocrats Covered Call(7.2% Premium) Index
0026E0,KODEX 미국S&P500버퍼3월액티브,20251126,11010,74317500000,S&P500 10% Buffered Index March Series (USD) TR
0068M0,KODEX 미국S&P500버퍼6월액티브,20251126,11500,57500000000,S&P500 10% Buffered Index June Series (USD) TR
0089C0,KODEX 미국S&P500변동성확대시커버드콜,20251126,11045,101614000000,Cboe S&P 500 Volatility Contingent Daily Covered Call Index(Total Retrun)
200030,KODEX 미국S&P500산업재(합성),20251126,38565,43925535000,S&P Select Sector Industrial Index
219480,KODEX 미국S&P500선물(H),20251126,29990,151449500000,S&P 500 Futures Total Return Index
0041E0,KODEX 미국S&P500액티브,20251126,14010,33624000000,S&P 500
218420,KODEX 미국S&P500에너지(합성),20251126,14990,25168210000,S&P Select Sector Energy Index
463640,KODEX 미국S&P500유틸리티,20251126,15150,14392500000,S&P Utilities Select Sector Index(Price Return)
463690,KODEX 미국S&P500커뮤니케이션,20251126,19280,11568000000,S&P Communication Services Select Sector Index(Price Return)
463680,KODEX 미국S&P500테크놀로지,20251126,17960,52982000000,S&P Technology Select Sector Index(Price Return)
453630,KODEX 미국S&P500필수소비재,20251126,12135,13348500000,S&P Consumer Staples Select Sector Index(Price Return)
453640,KODEX 미국S&P500헬스케어,20251126,14140,56560000000,S&P Health Care Select Sector Index(Price Return)
185680,KODEX 미국S&P바이오(합성),20251126,38440,19066240000,S&P Biotechnology Select Industry Index
0028X0,KODEX 미국금융테크액티브,20251126,12415,24209250000,iSelect 미국 차세대 파이낸셜 테크 지수(시장가격)
379810,KODEX 미국나스닥100,20251126,24490,4261260000000,NASDAQ 100
449190,KODEX 미국나스닥100(H),20251126,19295,486234000000,NASDAQ 100
494300,KODEX 미국나스닥100데일리커버드콜OTM,20251126,10330,420431000000,NASDAQ-100 Daily Covered Call 101 Index(TR)
409820,KODEX 미국나스닥100레버리지(합성 H),20251126,15670,238184000000,NASDAQ 100
304940,KODEX 미국나스닥100선물(H),20251126,28485,115364250000,NASDAQ 100
409810,KODEX 미국나스닥100선물인버스(H),20251126,6410,22435000000,NASDAQ 100
411420,KODEX 미국나스닥AI테크액티브,20251126,19690,97465500000,Nasdaq CB Insights Metaverse US Index (Price Return)
455030,KODEX 미국달러SOFR금리액티브(합성),20251126,12615,527054700000,Bloomberg SOFR Daily Total Return Index
261240,KODEX 미국달러선물,20251126,14920,64902000000,미국달러선물지수
261250,KODEX 미국달러선물레버리지,20251126,17700,39471000000,미국달러선물지수
261270,KODEX 미국달러선물인버스,20251126,7665,70901250000,미국달러선물지수
261260,KODEX 미국달러선물인버스2X,20251126,4890,257556300000,미국달러선물지수
280930,KODEX 미국러셀2000(H),20251126,14395,33828250000,FTSE Russell 2000 Index
0048J0,KODEX 미국머니마켓액티브,20251126,14715,506902320000,KAP 미국 머니마켓 지수
390390,KODEX 미국반도체,20251126,34155,664314750000,MVIS US Listed Semiconductor 25 Index
489250,KODEX 미국배당다우존스,20251126,10915,353646000000,Dow Jones U.S. Dividend 100 Price Return Index
483290,KODEX 미국배당다우존스타겟커버드콜,20251126,9545,165128500000,Dow Jones U.S. Dividend 100 10% Premium Covered Call Index(Total Return)
441640,KODEX 미국배당커버드콜액티브,20251126,12740,879060000000,S&P 500
352560,KODEX 미국부동산리츠(H),20251126,11795,33615750000,Dow Jones U.S. Real Estate PR Index
314250,KODEX 미국빅테크10(H),20251126,57135,757038750000,NYSE U.S. Big TECH 10 INDEX
473460,KODEX 미국서학개미,20251126,23345,378189000000,iSelect 서학개미 지수(PR)
390400,KODEX 미국스마트모빌리티S&P,20251126,6885,9639000000,S&P Kensho Smart Transportation
0132H0,KODEX 미국원자력SMR,20251126,10370,62220000000,iSelect 미국원자력SMR 지수(Price Return)
437080,KODEX 미국종합채권ESG액티브(H),20251126,102430,456223220000,Bloomberg MSCI US Aggregate 2bn ex Securitized SRI Capped Index(Total Return)
419420,KODEX 미국클린에너지나스닥,20251126,8490,13584000000,Nasdaq Clean Edge Green Energy Index (Price Return)
491090,KODEX 미국테크TOP3플러스,20251126,16675,31682500000,KEDI 미국테크TOP3플러스 지수(Price Return)
0038A0,KODEX 미국휴머노이드로봇,20251126,15695,260537000000,iSelect 미국 휴머노이드 로봇 지수(Price Return)
244580,KODEX 바이오,20251126,11915,243066000000,FnGuide 바이오 지수
091160,KODEX 반도체,20251126,54765,1536158250000,KRX 반도체
494310,KODEX 반도체레버리지,20251126,24010,330137500000,KRX 반도체
325020,KODEX 배당가치,20251126,18850,130065000000,FnGuide SLV 배당가치 지수
244670,KODEX 밸류Plus,20251126,10225,6135000000,FnGuide 벨류 Plus 지수
140700,KODEX 보험,20251126,12370,53191000000,KRX 보험
102780,KODEX 삼성그룹,20251126,13285,1812074000000,삼성그룹
213610,KODEX 삼성그룹밸류,20251126,12500,148750000000,WISE 삼성그룹 밸류 인덱스
448330,KODEX 삼성전자채권혼합,20251126,12755,193876000000,Wise 삼성전자채권혼합 지수
325010,KODEX 성장주,20251126,22645,131341000000,FnGuide 성장 지수(PR)
385510,KODEX 신재생에너지액티브,20251126,28740,185373000000,FnGuide K-신재생에너지 플러스 지수
446690,KODEX 아시아AI반도체exChina액티브,20251126,26720,13360000000,iSelect 아시아반도체 제조동맹 지수(시장가격)
437070,KODEX 아시아달러채권ESG플러스액티브,20251126,65105,41146360000,Bloomberg MSCI EM Asia Investment Grade Credit SRI Index(Total Return)
117460,KODEX 에너지화학,20251126,13600,30464000000,KRX 에너지화학
275300,KODEX 우량주,20251126,14465,18804500000,MSCI Korea IMI Quality Capped
140710,KODEX 운송,20251126,5600,12880000000,KRX 운송
395150,KODEX 웹툰&드라마,20251126,3015,11758500000,FnGuide 웹툰&드라마 지수
456250,KODEX 유럽명품TOP10 STOXX,20251126,11350,14187500000,STOXX Europe Luxury 10 Index(Price Return)
400570,KODEX 유럽탄소배출권선물ICE(H),20251126,11565,26252550000,ICE EUA Carbon Futures Index(Excess Return)
144600,KODEX 은선물(H),20251126,8895,298872000000,S&P GSCI Silver Index(TR)
091170,KODEX 은행,20251126,12585,364965000000,KRX 은행
453810,KODEX 인도Nifty50,20251126,14610,465328500000,Nifty 50 Index
453820,KODEX 인도Nifty50레버리지(합성),20251126,18305,23796500000,Nifty 50 Index
0000H0,KODEX 인도Nifty미드캡100,20251126,11580,20844000000,Nifty Midcap 100 Index(PR)
477730,KODEX 인도타타그룹,20251126,8910,36085500000,Nifty India Corporate Group Index - Tata Group 25% Cap(PR)
114800,KODEX 인버스,20251126,2650,854360000000,코스피 200 선물지수
101280,KODEX 일본TOPIX100,20251126,26670,34671000000,TOPIX100
352540,KODEX 일본부동산리츠(H),20251126,13000,49400000000,Tokyo Stock Exchange REIT Index
091180,KODEX 자동차,20251126,22110,527323500000,KRX 자동차
385520,KODEX 자율주행액티브,20251126,10310,19073500000,FnGuide K-미래차 지수
363570,KODEX 장기종합채권(AA-이상)액티브,20251126,98435,277094525000,"KAP 한국장기종합채권지수(AA-이상, 총수익)"
273130,KODEX 종합채권(AA-이상)액티브,20251126,116595,3475113975000,KAP 한국종합채권지수
102970,KODEX 증권,20251126,15025,462018750000,KRX 증권
419430,KODEX 차이나2차전지MSCI(합성),20251126,10540,34782000000,MSCI China all shares IMI Select Batteries Index(Price Return)
169950,KODEX 차이나A50,20251126,25790,23211000000,FTSE China A50 Index
428510,KODEX 차이나AI테크액티브,20251126,15580,31939000000,Bloomberg China Media & Tech Index PR
283580,KODEX 차이나CSI300,20251126,15075,217080000000,CSI 300 Index
099140,KODEX 차이나H,20251126,24680,48126000000,Hang Seng China H
204450,KODEX 차이나H레버리지(H),20251126,2960,46176000000,Hang Seng China H
415340,KODEX 차이나과창판STAR50(합성),20251126,11395,22903950000,STAR 50 Index(Price Return)
256750,KODEX 차이나심천ChiNext(합성),20251126,14100,43019100000,SZSE ChiNext Price Index
0065G0,KODEX 차이나테크TOP10,20251126,11290,49111500000,Hang Seng China Tech Top 10 Select Index (HKD) (Price Return)
372330,KODEX 차이나항셍테크,20251126,9120,182400000000,Hang Seng TECH Index
0048K0,KODEX 차이나휴머노이드로봇,20251126,10205,229612500000,Solactive China Humanoid Robotics Index (CNH) (Price Return)
117680,KODEX 철강,20251126,11655,22027950000,KRX 철강
279540,KODEX 최소변동성,20251126,14810,8886000000,KRX 최소변동성지수
445150,KODEX 친환경조선해운액티브,20251126,29785,69994750000,FnGuide K-친환경 선박 지수
211900,KODEX 코리아배당성장,20251126,21145,60263250000,코스피 배당성장 50
237370,KODEX 코리아배당성장채권혼합,20251126,14520,107448000000,배당성장채권혼합지수
495850,KODEX 코리아밸류업,20251126,15940,284529000000,코리아 밸류업 지수
0115E0,KODEX 코리아소버린AI,20251126,10655,136384000000,KRX 코리아 소버린 AI 지수
373490,KODEX 코리아혁신성장액티브,20251126,17355,8677500000,FnGuide K-이노베이션 지수
229200,KODEX 코스닥150,20251126,15165,1201068000000,코스닥 150
233740,KODEX 코스닥150레버리지,20251126,11135,1603440000000,코스닥 150
360150,KODEX 코스닥150롱코스피200숏선물,20251126,7175,10762500000,코스닥150 롱 100% 코스피200 숏 100% 선물지수
251340,KODEX 코스닥150선물인버스,20251126,3000,216000000000,F-코스닥150 지수
461450,KODEX 코스닥글로벌,20251126,14870,14870000000,코스닥 글로벌 지수
226490,KODEX 코스피,20251126,40580,659425000000,코스피
237350,KODEX 코스피100,20251126,43775,236385000000,코스피 100
359210,KODEX 코스피TR,20251126,20255,68867000000,코스피 TR
337140,KODEX 코스피대형주,20251126,19775,25707500000,코스피 대형주
138920,KODEX 콩선물(H),20251126,11800,5900000000,S&P GSCI Soybeans Index(TR)
244660,KODEX 퀄리티Plus,20251126,9095,4547500000,FnGuide 퀄리티 Plus 지수
375770,KODEX 탄소효율그린뉴딜,20251126,13455,32292000000,KRX/S&P 탄소효율 그린뉴딜지수
459560,KODEX 테슬라밸류체인FactSet,20251126,18690,25231500000,FactSet TSLA Value Chain Index(PR)
475080,KODEX 테슬라커버드콜채권혼합액티브,20251126,9145,318246000000,KEDI 테슬라 인컴 프리미엄 밸런스드 지수(TR)
266410,KODEX 필수소비재,20251126,8325,13320000000,KRX 필수소비재
298770,KODEX 한국대만IT프리미어,20251126,38130,38130000000,한국 대만 IT 프리미어지수
476800,KODEX 한국부동산리츠인프라,20251126,4825,531232500000,KRX 부동산리츠인프라 지수
450190,KODEX 한중반도체(합성),20251126,25410,15246000000,KRX CSI 한·중 반도체지수
450180,KODEX 한중전기차(합성),20251126,11255,7315750000,KRX CSI 한·중 전기차지수
266420,KODEX 헬스케어,20251126,21690,104112000000,KRX 헬스케어
364690,KODEX 혁신기술테마액티브,20251126,21100,12660000000,코스피
487130,KoAct AI인프라액티브,20251126,14940,29880000000,Solactive AI인프라 지수
0074K0,KoAct K수출핵심기업TOP30액티브,20251126,12065,130302000000,KEDI K수출핵심기업TOP30 지수(PR)
471040,KoAct 글로벌AI&로봇액티브,20251126,20450,138037500000,iSelect 글로벌AI&로봇PR지수
0132D0,KoAct 글로벌K컬처밸류체인액티브,20251126,9880,7904000000,KEDI 글로벌 K컬처밸류체인 지수(PR)
0020H0,KoAct 글로벌양자컴퓨팅액티브,20251126,18845,42401250000,FactSet 글로벌양자컴퓨팅 PR 지수
475070,KoAct 글로벌친환경전력인프라액티브,20251126,24055,24055000000,Solactive 글로벌친환경전력인프라 PR지수
0015B0,KoAct 미국나스닥성장기업액티브,20251126,13975,49611250000,나스닥 종합주가지수
0104H0,KoAct 미국나스닥채권혼합50액티브,20251126,10370,40443000000,FnGuide 미국나스닥 금융채권혼합 지수
0113G0,KoAct 미국바이오헬스케어액티브,20251126,10895,13618750000,Solactive 미국바이오헬스케어지수 PR
497780,KoAct 미국천연가스인프라액티브,20251126,9685,22275500000,Solactive 미국천연가스인프라 PR 지수
490330,KoAct 미국치매&뇌질환치료제액티브,20251126,12110,7871500000,Solactive 미국뇌질환치료제 PR 지수
462900,KoAct 바이오헬스케어액티브,20251126,22515,431162250000,iSelect 바이오헬스케어 PR 지수
482030,KoAct 반도체&2차전지핵심소재액티브,20251126,9020,4510000000,iSelect 반도체&2차전지핵심소재 지수
476850,KoAct 배당성장액티브,20251126,12840,35952000000,코스피
0051A0,KoAct 브로드컴밸류체인액티브,20251126,16040,16040000000,FactSet 브로드컴밸류체인 지수
495230,KoAct 코리아밸류업액티브,20251126,16340,54739000000,코리아 밸류업 지수
0093D0,KoAct 팔란티어밸류체인액티브,20251126,12160,44384000000,KEDI 팔란티어밸류체인지수(PR)
152100,PLUS 200,20251126,57060,1018521000000,코스피 200
491220,PLUS 200TR,20251126,66180,29781000000,코스피 200 TR
253150,PLUS 200선물레버리지,20251126,75650,18912500000,코스피 200 선물지수
253160,PLUS 200선물인버스2X,20251126,1502,2703600000,코스피 200 선물지수
395750,PLUS ESG가치주액티브,20251126,11820,4728000000,FnGuide 한화 ESG 가치 지수
395760,PLUS ESG성장주액티브,20251126,12855,10284000000,FnGuide 한화 ESG 성장 지수
453010,PLUS KOFR금리,20251126,108905,26246105000,KOFR 지수
429740,PLUS K리츠,20251126,7010,9814000000,FnGuide 리츠 지수
449450,PLUS K방산,20251126,49360,1150088000000,FnGuide K-방위산업 지수
0104G0,PLUS K방산레버리지,20251126,7590,18216000000,FnGuide K-방위산업 지수
0090B0,PLUS K방산소부장,20251126,8780,10536000000,Akros K방산소부장 지수(PR)
269530,PLUS S&P글로벌인프라,20251126,19995,8997750000,S&P Global Infrastructure Index
433880,PLUS TDF2060액티브,20251126,17530,28924500000,Morningstar Korea Lifetime Allocation Moderate 2060 Index (Gross Return)
251590,PLUS 고배당저변동50,20251126,16020,10413000000,FnGuide 고배당저변동50 지수
161510,PLUS 고배당주,20251126,20850,1762033500000,FnGuide 배당주 지수
0018C0,PLUS 고배당주위클리고정커버드콜,20251126,11745,61661250000,코스피 고배당 위클리 고정 커버드콜 지수
489030,PLUS 고배당주위클리커버드콜,20251126,9275,156747500000,코스피 고배당 위클리 콜매도 ATM 지수
251600,PLUS 고배당주채권혼합,20251126,14270,353896000000,FnGuide 고배당 채권혼합 지수
461460,PLUS 국고채10년액티브,20251126,54950,46817400000,KAP 국고채 10년 동일가중 지수(총수익)
451600,PLUS 국고채30년액티브,20251126,107490,14941110000,KAP 국고채 30년 지수(총수익)
491230,PLUS 국공채머니마켓액티브,20251126,51945,125083560000,KAP 국공채 MMF 지수(총수익)
289670,PLUS 국채선물10년,20251126,55325,6639000000,10년국채선물지수
298340,PLUS 국채선물3년,20251126,56875,24342500000,국채선물지수
489010,PLUS 글로벌AI인프라,20251126,15620,2343000000,Solactive Global AI Infrastructure Index (PR)
442580,PLUS 글로벌HBM반도체,20251126,36030,43236000000,iSelect 글로벌HBM반도체 지수
189400,PLUS 글로벌MSCI(합성 H),20251126,22855,6856500000,MSCI ACWI Index
496770,PLUS 글로벌방산,20251126,16650,40792500000,Solactive Global Defense Index(PR)
419650,PLUS 글로벌수소&차세대연료전지,20251126,4745,20640750000,BlueStar Hydrogen and NextGen Fuel Cell Index (시장가격)
0007G0,PLUS 글로벌원자력밸류체인,20251126,14535,58140000000,Solactive Global Nuclear Energy Value Chain Index(PR)
0035T0,PLUS 글로벌휴머노이드로봇액티브,20251126,15675,38403750000,iSelect 글로벌휴머노이드로봇 (PR)
415920,PLUS 글로벌희토류&전략자원생산기업,20251126,7175,57041250000,MVIS Global Rare Earth/Strategic Metals Index (Price Return)
278620,PLUS 단기채권액티브,20251126,118605,50525730000,"KAP 투자적격 크레딧 채권 1년 지수(A- 이상,총수익)"
477050,PLUS 머니마켓액티브,20251126,52905,336793230000,KAP 시가평가 MMF 지수(총수익)
0050E0,PLUS 미국AI에이전트,20251126,9665,5799000000,Solactive US AI Agents Index(PR)
429760,PLUS 미국S&P500,20251126,18380,23894000000,S&P 500
269540,PLUS 미국S&P500(H),20251126,27140,86848000000,S&P 500
0057H0,PLUS 미국S&P500미국채혼합50액티브,20251126,11570,38181000000,S&P 500 and U.S. Treasury Bill 0-3 Month 50/50 Blend Index (USD)
494410,PLUS 미국S&P500성장주,20251126,13315,29293000000,S&P 500 Growth Index(PR)
0089B0,PLUS 미국나스닥100미국채혼합50,20251126,10930,20767000000,Nasdaq-100 US T-Bills 1-3 Month 50/50 Index (USD)
287180,PLUS 미국나스닥테크,20251126,42065,31548750000,NASDAQ 100 Technology Sector Index
213630,PLUS 미국다우존스고배당주(합성 H),20251126,18370,16900400000,Dow Jones U.S Select Dividend Index(시장가격지수)
332610,PLUS 미국단기회사채(AAA~A),20251126,134255,33026730000,ICE BofaAML 1-3 Year AAA-A US Corporate Index(총수익지수)
456200,PLUS 미국달러SOFR금리액티브(합성),20251126,61860,6804600000,Solactive SOFR Daily Total Return Index
0078V0,PLUS 미국로보택시,20251126,12065,10858500000,KEDI 미국로보택시 지수(PR)
494420,PLUS 미국배당증가성장주데일리커버드콜,20251126,9820,17676000000,Bloomberg U.S. Dividend Growth Partial Covered Call Index
0023B0,PLUS 미국양자컴퓨팅TOP10,20251126,17640,26460000000,iSelect 미국양자컴퓨팅 TOP10 (PR)
332620,PLUS 미국장기우량회사채,20251126,101275,35142425000,ICE BofaAML 15+ Year AAA-A US Corporate Index(총수익지수)
464470,PLUS 미국채30년액티브,20251126,55420,57304280000,ICE U.S. Treasury 20+ Year Bond Index(Total Return)
461900,PLUS 미국테크TOP10,20251126,22595,16946250000,iSelect 미국 Tech 10 지수
461910,PLUS 미국테크TOP10레버리지(합성),20251126,40285,20142500000,iSelect 미국 Tech 10 지수
195970,PLUS 선진국MSCI(합성 H),20251126,14275,21412500000,MSCI EAFE Index
238670,PLUS 스마트베타Quality채권혼합,20251126,12070,3621000000,WISE-KAP 스마트베타 Quality 채권혼합지수
195980,PLUS 신흥국MSCI(합성 H),20251126,12275,85434000000,MSCI EM Index
373530,PLUS 신흥국MSCI인버스(합성 H),20251126,8875,532500000,MSCI EM Index
256450,PLUS 심천차이넥스트(합성),20251126,13790,6895000000,SZSE ChiNext Price Index
447660,PLUS 애플채권혼합,20251126,13410,18103500000,FnGuide 애플채권혼합 지수
239660,PLUS 우량회사채50,20251126,121425,16999500000,KOBI HALF CREDIT Index(총수익)
421320,PLUS 우주항공&UAM,20251126,21105,40099500000,iSelect 우주항공UAM 지수
464920,PLUS 일본반도체소부장,20251126,17140,11998000000,Solactive Japan Semiconductor Materials and Equipment Index PR
489000,PLUS 일본엔화초단기국채(합성),20251126,10060,18108000000,KAP 일본 단기 국채 지수(총수익)
0098N0,PLUS 자사주매입고배당주,20251126,10495,105999500000,FnGuide 고배당주 플러스 자사주 지수 (PR)
451000,PLUS 종합채권(AA-이상)액티브,20251126,113705,388416280000,"KAP 종합채권지수(AA-이상, 총수익)"
280920,PLUS 주도업종,20251126,15790,8684500000,FnGuide 주도업종 지수
266550,PLUS 중형주저변동50,20251126,15225,3806250000,FnGuide 중형주저변동50지수
0047N0,PLUS 차이나AI테크TOP10,20251126,11645,14556250000,Solactive China AI Tech Top10 Index(PR)
0128D0,PLUS 차이나항셍테크위클리타겟커버드콜,20251126,9570,7177500000,HSTECH 15% Target Premium Weekly Covered Call Index
495040,PLUS 코리아밸류업,20251126,15835,38795750000,코리아 밸류업 지수
301400,PLUS 코스닥150,20251126,15300,5355000000,코스닥 150
301410,PLUS 코스닥150선물인버스,20251126,4555,1138750000,F-코스닥150 지수
227830,PLUS 코스피,20251126,40815,10203750000,코스피
122090,PLUS 코스피50,20251126,39485,34351950000,코스피 50
328370,PLUS 코스피TR,20251126,21900,89790000000,코스피 TR
457990,PLUS 태양광&ESS,20251126,21475,31138750000,FnGuide 태양광 & ESS 지수
0000J0,PLUS 한화그룹주,20251126,23920,144716000000,FnGuide 한화그룹주 지수
148020,RISE 200,20251126,56535,2317935000000,코스피 200
361580,RISE 200TR,20251126,31640,305326000000,코스피 200 TR
290080,RISE 200고배당커버드콜ATM,20251126,8850,18142500000,코스피 200 고배당커버드콜 ATM 지수(시장가격지수)
284980,RISE 200금융,20251126,16835,15824900000,코스피 200 금융
252400,RISE 200선물레버리지,20251126,37610,37610000000,코스피 200 선물지수
252410,RISE 200선물인버스,20251126,3400,2720000000,코스피 200 선물지수
252420,RISE 200선물인버스2X,20251126,740,9398000000,코스피 200 선물지수
475720,RISE 200위클리커버드콜,20251126,10705,568970750000,코스피 200 위클리 커버드콜 ATM 지수
0122W0,RISE 26-11 회사채(AA-이상)액티브,20251126,50070,139194600000,KAP 26-11 회사채(AA-이상) 총수익지수
465330,RISE 2차전지TOP10,20251126,10645,62539375000,iSelect 2차전지 TOP10 지수(PR)
465350,RISE 2차전지TOP10인버스(합성),20251126,24420,90354000000,iSelect 2차전지 TOP10 지수(PR)
422420,RISE 2차전지액티브,20251126,7240,212711200000,iSelect 2차전지 지수 (시장가격지수)
367760,RISE 5G테크,20251126,21095,71723000000,FnGuide 5G 테크 지수
105780,RISE 5대그룹주,20251126,9025,18050000000,MKF 5대그룹주
469070,RISE AI&로봇,20251126,11005,217899000000,iSelect AI&로봇 지수(시장가격)
0093A0,RISE AI반도체TOP10,20251126,15850,89552500000,FnGuide AI반도체TOP10 지수
0101N0,RISE AI전력인프라,20251126,12400,53940000000,KRX-Akros AI 전력인프라 지수
477080,RISE CD금리액티브(합성),20251126,105220,1317354400000,FnGuide CD금리투자 지수(총수익)
290130,RISE ESG사회책임투자,20251126,21700,97650000000,KRX ESG 사회책임경영지수(S)
326240,RISE IT플러스,20251126,23390,94027800000,FnGuide IT플러스 지수
385560,RISE KIS국고채30년Enhanced,20251126,72310,563367210000,KIS 국고채30년Enhanced지수(시장가격)
479520,RISE KOFR금리액티브(합성),20251126,104890,682204560000,KOFR 지수
270800,RISE KQ고배당,20251126,13180,7249000000,FnGuide KQ고배당포커스 지수
292050,RISE KRX300,20251126,26535,9287250000,KRX 300
442550,RISE TDF2030액티브,20251126,14000,9800000000,iSelect 전략적자산배분 TDF 2030 지수
442560,RISE TDF2040액티브,20251126,14945,14945000000,iSelect 전략적자산배분 TDF 2040 지수
442570,RISE TDF2050액티브,20251126,15575,68530000000,iSelect 전략적자산배분 TDF 2050 지수
234310,RISE V&S셀렉트밸류,20251126,19280,9640000000,FnGuide 셀렉트 밸류 지수
241390,RISE V&S셀렉트밸류채권혼합,20251126,13580,16296000000,FnGuide 셀렉트벨류 채권혼합지수
300640,RISE 게임테마,20251126,7705,31205250000,WISE 게임 테마 지수 (시장가격지수)
266160,RISE 고배당,20251126,19710,104463000000,FnGuide 고배당포커스 지수
481430,RISE 국고채10년액티브,20251126,105220,159092640000,KAP 국고채 10년 지수(총수익)
114100,RISE 국고채3년,20251126,108885,140243880000,KTB INDEX(시장가격)
282000,RISE 국고채3년선물인버스,20251126,112880,152049360000,국채선물지수
451670,RISE 국채30년레버리지(합성),20251126,21030,10515000000,KAP 국채30년 TR 지수(총수익)
295000,RISE 국채선물10년,20251126,54435,11866830000,10년국채선물지수
295020,RISE 국채선물10년인버스,20251126,56585,195331420000,10년국채선물지수
432600,RISE 국채선물3년,20251126,55255,30721780000,국채선물지수
397420,RISE 국채선물5년추종,20251126,51570,5260140000,5년 국채선물 추종 지수
0114X0,RISE 글로벌게임테크TOP3Plus,20251126,9900,8910000000,Solactive-KEDI 글로벌 게임 테크 TOP3 플러스 지수
437370,RISE 글로벌농업경제,20251126,9760,5856000000,MVIS Global Agribusiness Index(Price Return)
375270,RISE 글로벌데이터센터리츠(합성),20251126,13300,9310000000,Kelly Data Center & Tech Infrastructure Net Total Return Index
475380,RISE 글로벌리얼티인컴,20251126,10530,32643000000,Solactive Global Realty Income Index(Price Return)
476310,RISE 글로벌비만산업TOP2+,20251126,10290,5659500000,KEDI 글로벌 비만 산업 Top2+ 지수(Price Return)
417450,RISE 글로벌수소경제,20251126,11880,20196000000,Indxx Hydrogen Economy Index (PR)
442320,RISE 글로벌원자력,20251126,37760,373824000000,iSelect 글로벌원자력 지수(시장가격)
461490,RISE 글로벌자산배분액티브,20251126,14695,333576500000,Bloomberg Multi-Asset Weighted (KRW ETFs) 지수(시장가격)
459750,RISE 글로벌주식분산액티브,20251126,16670,22504500000,Bloomberg Global Equity Market Weighted Index(Price Return)
399580,RISE 글로벌클린에너지,20251126,9130,9130000000,S&P Global Clean Energy Transition Index (Price Return)
276650,RISE 글로벌테크놀로지(합성 H),20251126,38675,29006250000,S&P Global 1200 Information Technology and Interactive Media & Services(PR)
336160,RISE 금융채액티브,20251126,102585,44316720000,KIS 종합채권금융채 2.5Y-3Y 지수 (총수익)
326230,RISE 내수주플러스,20251126,10625,27200000000,FnGuide 내수주플러스 지수
272560,RISE 단기국공채액티브,20251126,114310,235364290000,KIS 종합채권국공채3M~1.5Y지수
385550,RISE 단기채권알파액티브,20251126,113875,284118125000,KIS 단기채권알파지수(AA-이상)(총수익지수)
196230,RISE 단기통안채,20251126,116390,295630600000,KIS 통안채 5개월 지수(총수익)
0061Z0,RISE 단기특수은행채액티브,20251126,50535,1196870940000,KAP 단기 특수은행채 지수(시장가격)
315960,RISE 대형고배당10TR,20251126,34790,113067500000,WISE 대형고배당10 TR 지수
455890,RISE 머니마켓액티브,20251126,54915,2621092950000,KIS 시가평가 MMF 지수 (총수익지수)
401170,RISE 메타버스,20251126,7420,105215600000,iSelect 메타버스 지수(시장가격지수)
481340,RISE 미국30년국채액티브,20251126,10290,31384500000,Bloomberg U.S Treasury 20+ Year Total Return Index
472870,RISE 미국30년국채엔화노출(합성 H),20251126,8400,381360000000,KIS 미국채30년 엔화노출 지수(USD/JPY 헤지)(총수익지수)
472830,RISE 미국30년국채커버드콜(합성),20251126,9595,62367500000,Bloomberg U.S. Treasury 20+ Year (TLT) 2% OTM Covered Call Index(TR)
485690,RISE 미국AI밸류체인TOP3Plus,20251126,17000,90950000000,KEDI 미국 AI 밸류체인 TOP3 Plus 지수(Price Return)
490590,RISE 미국AI밸류체인데일리고정커버드콜,20251126,13210,409510000000,KEDI 미국 AI밸류체인 90%참여+데일리옵션 프리미엄 지수(TR)
0127R0,RISE 미국AI클라우드인프라,20251126,10430,10430000000,Akros 미국 AI 클라우드 인프라 지수(Price Return)
495940,RISE 미국AI테크액티브,20251126,12720,33708000000,Solactive US AI Tech Active Index PR
379780,RISE 미국S&P500,20251126,21575,1329020000000,S&P 500
453330,RISE 미국S&P500(H),20251126,16250,82875000000,S&P 500
0005C0,RISE 미국S&P500엔화노출(합성 H),20251126,11265,9012000000,S&P500 Yen Hedged Index(PR)
460660,RISE 미국S&P배당킹,20251126,11200,16240000000,S&P Dividend Monarchs Index(Price Return)
219390,RISE 미국S&P원유생산기업(합성 H),20251126,5780,15895000000,S&P Oil & Gas Exploration & Production Select Industry Index(PR)
0115C0,RISE 미국고배당다우존스TOP10,20251126,10820,11902000000,Dow Jones U.S. High Dividend 10 Index
354240,RISE 미국고정배당우선증권,20251126,12235,15293750000,ICE BofAML Core Plus Fixed Rate Preferred Securities Index(PR)
368590,RISE 미국나스닥100,20251126,27215,1279105000000,NASDAQ 100
437350,RISE 미국단기투자등급회사채액티브,20251126,13055,26110000000,Bloomberg US Corporate 1-5 Years Total Return Index
455960,RISE 미국달러SOFR금리액티브(합성),20251126,12485,54309750000,KAP SOFR 지수
469530,RISE 미국달러선물인버스,20251126,8870,5676800000,미국달러선물지수
469060,RISE 미국반도체NYSE,20251126,20100,26130000000,NYSE Semicondoctor Index(Price Return)
469050,RISE 미국반도체NYSE(H),20251126,17590,23746500000,NYSE Semicondoctor Index(Price Return)
491630,RISE 미국반도체인버스(합성 H),20251126,13070,5881500000,NYSE Semicondoctor Index(Price Return)
490600,RISE 미국배당100데일리고정커버드콜,20251126,8925,96836250000,KEDI 미국 배당100 90%참여+데일리옵션 프리미엄 지수(총수익지수)
0018Z0,RISE 미국양자컴퓨팅,20251126,16045,14440500000,Solactive US Quantum Computing Technology Index PR
0013P0,RISE 미국은행TOP10,20251126,11520,12096000000,KEDI 미국 은행 TOP10 지수
267440,RISE 미국장기국채선물(H),20251126,8800,7920000000,S&P U.S. Treasury Bond Futures Excess Return Index
267490,RISE 미국장기국채선물레버리지(합성 H),20251126,5950,7140000000,S&P U.S. Treasury Bond Futures Excess Return Index
267450,RISE 미국장기국채선물인버스(H),20251126,10660,5330000000,S&P U.S. Treasury Bond Futures Excess Return Index
0036Z0,RISE 미국천연가스밸류체인,20251126,10700,10700000000,Solactive US Natural Gas Value Chain Index PR
491620,RISE 미국테크100데일리고정커버드콜,20251126,11300,195490000000,KEDI 미국 테크100 90%참여+데일리옵션 프리미엄 지수(TR)
0036R0,RISE 미국휴머노이드로봇,20251126,15645,83700750000,KEDI 미국 휴머노이드 로봇 지수(시장가격)
0000Z0,RISE 바이오TOP10액티브,20251126,16060,29711000000,KRX 바이오 TOP 10 지수
446700,RISE 배터리 리사이클링,20251126,10675,15372000000,iSelect 배터리 리사이클링 지수
475350,RISE 버크셔포트폴리오TOP10,20251126,14555,68408500000,Solactive Berkshire Portfolio Top10 Index(PR)
388420,RISE 비메모리반도체액티브,20251126,15840,225561600000,iSelect 비메모리반도체 지수(시장가격지수)
448630,RISE 삼성그룹Top3채권혼합,20251126,11575,59032500000,Bloomberg Blended Samsung Group Fixed Top 3 Equity and Korean Bond Index
367770,RISE 수소경제테마,20251126,17160,114972000000,FnGuide 수소 경제 테마 지수
140570,RISE 수출주,20251126,18100,7240000000,MKF 수출주 지수
0093B0,RISE 엔비디아고정테크100,20251126,11230,13476000000,KEDI 엔비디아고정테크100 지수(PR)
140580,RISE 우량업종대표주,20251126,17460,10476000000,MKF 우량업종대표주 지수
379790,RISE 유로스탁스50(H),20251126,15755,11028500000,EURO STOXX 50 Index
498610,RISE 인도디지털성장,20251126,10830,6498000000,MarketVector Digital India Index(INR)(Price Return)			
488480,RISE 일본섹터TOP4Plus,20251126,12105,7868250000,Solactive Japan Samurai Sector TOP4 Plus Index(PR)
385540,RISE 종합채권(A-이상)액티브,20251126,108410,1660082330000,KIS 종합채권 지수(A-이상)(총수익지수)
183710,RISE 주식혼합,20251126,56095,11219000000,주식국채혼합(주식형)지수
310080,RISE 중국MSCI China(H),20251126,11095,13314000000,"MSCI China Index(USD, Price Return)"
463300,RISE 중국본토CSI300,20251126,13230,37044000000,CSI 300 Index
174360,RISE 중국본토대형주CSI100,20251126,23265,74448000000,CSI A100
136340,RISE 중기우량회사채,20251126,106285,123928310000,KOBI 크레딧 지수(총수익)
281990,RISE 중소형고배당,20251126,15580,10127000000,FnGuide 중소형고배당포커스 지수
272570,RISE 중장기국공채액티브,20251126,110690,24905250000,KIS 종합채권국공채4~5Y지수
250730,RISE 차이나HSCEI(H),20251126,11145,21175500000,Hang Seng China H
291680,RISE 차이나H선물인버스(H),20251126,7530,3765000000,Hang Seng China Enterprises Futures Index(Price Return)
0094L0,RISE 차이나테크TOP10위클리타겟커버드콜,20251126,10520,14728000000,Bloomberg China Tech Select TOP 10 + 12% Target Premium Weekly Index
371150,RISE 차이나항셍테크,20251126,8970,21528000000,Hang Seng TECH Index
183700,RISE 채권혼합,20251126,71920,17260800000,주식국채혼합(채권형)지수
388280,RISE 컨택트대표,20251126,7375,34662500000,FnGuide 컨택트대표 지수(시장가격지수)
498860,RISE 코리아금융고배당,20251126,14560,33488000000,iSelect 코리아 금융 고배당 지수
495050,RISE 코리아밸류업,20251126,15940,297281000000,코리아 밸류업 지수
0094M0,RISE 코리아밸류업위클리고정커버드콜,20251126,11860,11267000000,코리아 밸류업 위클리 커버드콜 30% 지수
270810,RISE 코스닥150,20251126,15095,108080200000,코스닥 150
278240,RISE 코스닥150선물레버리지,20251126,12550,101027500000,F-코스닥150 지수
275750,RISE 코스닥150선물인버스,20251126,3010,1806000000,F-코스닥150 지수
302450,RISE 코스피,20251126,41020,221508000000,코스피
0047P0,RISE 테슬라고정테크100,20251126,14035,18245500000,KEDI 테슬라고정테크100 지수(PR)
0013R0,RISE 테슬라미국채타겟커버드콜혼합(합성),20251126,10135,33445500000,KEDI 테슬라미국30년국채15%타겟프리미엄 혼합지수(TR)
449580,RISE 테슬라애플아마존채권혼합,20251126,16770,15093000000,iSelect 테슬라 애플 아마존 채권혼합지수(Price Return)
334690,RISE 팔라듐선물(H),20251126,6905,5178750000,S&P GSCI Palladium Excess Return Index
334700,RISE 팔라듐선물인버스(H),20251126,3770,2073500000,S&P GSCI Palladium Excess Return Index
0047R0,RISE 팔란티어고정테크100,20251126,13830,38724000000,KEDI 팔란티어고정테크100 지수(PR)
427120,RISE 플랫폼테마,20251126,7270,92619800000,FnGuide 플랫폼테마 지수(시장가격지수)
253280,RISE 헬스케어,20251126,16720,10032000000,FnGuide 헬스케어 지수
253290,RISE 헬스케어채권혼합,20251126,12815,15378000000,FnGuide 헬스케어 채권혼합 지수
411540,SOL 200 Top10,20251126,11615,10453500000,코스피 200 Top 10 지수
295040,SOL 200TR,20251126,20885,256885500000,코스피 200 TR
488980,SOL 26-12 회사채(AA-이상)액티브,20251126,52260,225031560000,"KAP 26-12 크레딧 채권지수(AA-이상, 총수익)"
0092C0,SOL 27-12 회사채(AA-이상)액티브,20251126,49920,163038720000,"KAP 27-12 크레딧 채권지수(AA-이상, 총수익)"
455860,SOL 2차전지소부장Fn,20251126,5225,156227500000,FnGuide 2차전지 소부장 지수(PR)
455850,SOL AI반도체소부장,20251126,17165,472895750000,FnGuide AI 반도체 소부장 지수
497880,SOL CD금리&머니마켓액티브,20251126,50110,112146180000,KAP CD&단기자금시장지수(PR)
363510,SOL KIS단기통안채,20251126,111615,35493570000,KIS 단기통안채 Index(총수익)
292500,SOL KRX300,20251126,26370,13185000000,KRX 300
404650,SOL KRX기후변화솔루션,20251126,15155,9093000000,KRX 기후변화 솔루션지수
490480,SOL K방산,20251126,24295,87462000000,KEDI K방산 지수(PR)
438570,SOL 국고채10년,20251126,106875,133166250000,KAP 국고채10년지수(총수익지수)
474390,SOL 국고채30년액티브,20251126,52445,7027630000,KAP 국고채30년 지수(TR)
438560,SOL 국고채3년,20251126,102840,33114480000,KAP 국고채3년지수(총수익지수)
0066W0,SOL 국제금,20251126,12920,94316000000,KEDI 국제금현물 ETF 가격지수(PR)
0022T0,SOL 국제금커버드콜액티브,20251126,13660,49176000000,KEDI 골드인컴프리미엄 지수(NTR)
400590,SOL 글로벌탄소배출권선물ICE(합성),20251126,14605,8763000000,ICE Global Carbon Futures Index(Excess Return)
484880,SOL 금융지주플러스고배당,20251126,17160,303732000000,FnGuide 금융지주플러스고배당 지수(PR)
484890,SOL 머니마켓액티브,20251126,52160,10536320000,KAP 시가 MMF 지수(TR)
461600,SOL 미국30년국채액티브(H),20251126,9195,54710250000,KAP 미국채 20Y+ 지수(시장가격)
473330,SOL 미국30년국채커버드콜(합성),20251126,9700,389455000000,KEDI 미국 국채 20년+ 커버드콜 지수(NTR)
494210,SOL 미국500타겟데일리커버드콜액티브,20251126,11125,8900000000,KEDI 미국퀄리티500+월1%프리미엄 지수(NTR)
479620,SOL 미국AI반도체칩메이커,20251126,14780,34733000000,Solactive US AI Semiconductor Chip Makers Index(PR)
481180,SOL 미국AI소프트웨어,20251126,14785,231385250000,KEDI 미국 AI 소프트웨어지수(PR)
486450,SOL 미국AI전력인프라,20251126,19820,266579000000,KEDI 미국AI전력인프라 지수(PR)
433330,SOL 미국S&P500,20251126,20655,183829500000,S&P 500
399110,SOL 미국S&P500ESG,20251126,19520,89792000000,S&P500 Scored&Screened(PR)
0080X0,SOL 미국S&P500미국채혼합50,20251126,11205,35856000000,S&P 500 and iBoxx $ Treasuries 7-10Y 5050 Blend Index(USD) PR/TR Hybrid
499150,SOL 미국S&P500엔화노출(H),20251126,10685,8548000000,S&P500 Yen Hedged Index(PR)
447620,SOL 미국TOP5채권혼합40 Solactive,20251126,15165,103122000000,Solactive US TOP5 Balanced40 Index
476030,SOL 미국나스닥100,20251126,15460,64159000000,NASDAQ 100
0118S0,SOL 미국넥스트테크TOP10액티브,20251126,8350,55527500000,KEDI 미국넥스트테크TOP10(PR)
446720,SOL 미국배당다우존스,20251126,11635,758602000000,Dow Jones U.S. Dividend 100 Price Return Index
452360,SOL 미국배당다우존스(H),20251126,10835,200447500000,Dow Jones U.S. Dividend 100 Price Return Index
493420,SOL 미국배당다우존스2호,20251126,10735,32205000000,Dow Jones U.S. Dividend 100 Index(TR)
490490,SOL 미국배당미국채혼합50,20251126,10675,286090000000,KRX 다우존스 미국배당국채 혼합지수
0023A0,SOL 미국양자컴퓨팅TOP10,20251126,26270,451844000000,KEDI 미국양자컴퓨팅 TOP10(PR)
0051G0,SOL 미국원자력SMR,20251126,16335,349569000000,KEDI 미국원자력 SMR 지수(PR)
481190,SOL 미국테크TOP10,20251126,16930,284424000000,Solactive US Tech TOP 10 Custom Index(PR)
481200,SOL 미국테크TOP10인버스(합성),20251126,5720,4576000000,Solactive US Tech TOP 10 Custom Index(PR)
475300,SOL 반도체전공정,20251126,11040,38640000000,FnGuide 반도체 전공정 지수(PR)
475310,SOL 반도체후공정,20251126,18460,26767000000,FnGuide 반도체 후공정 지수(PR)
400580,SOL 유럽탄소배출권선물S&P(H),20251126,12005,7203000000,S&P GSCI Carbon Emission Allowances(EUA)(EUR)ER
459370,SOL 유럽탄소배출권선물인버스ICE(H),20251126,9945,3978000000,ICE EUA Carbon Futures Custom Roll Index(Excess Return)
464610,SOL 의료기기소부장Fn,20251126,10450,113905000000,FnGuide 의료기기소부장지수(PR)
466930,SOL 자동차TOP3플러스,20251126,13385,91687250000,FnGuide 자동차TOP3플러스지수(PR)
464600,SOL 자동차소부장Fn,20251126,11510,8632500000,FnGuide 자동차소부장지수(PR)
0005D0,SOL 전고체배터리&실리콘음극재,20251126,13560,39324000000,FnGuide 전고체배터리&실리콘음극재 지수(PR)
466920,SOL 조선TOP3플러스,20251126,33670,1929291000000,FnGuide 조선TOP3플러스지수(PR)
0080Y0,SOL 조선TOP3플러스레버리지,20251126,17390,161727000000,FnGuide 조선TOP3플러스지수(PR)
436140,SOL 종합채권(AA-이상)액티브,20251126,113180,1014092800000,"KAP K-종합채권지수(AA-이상, 총수익)"
0016X0,SOL 중단기회사채(A-이상)액티브,20251126,51220,310393200000,KIS 중단기크레딧플러스채권(AA+~A-)지수(총수익)
220130,SOL 차이나강소기업CSI500(합성 H),20251126,5665,4532000000,CSI 500 지수
0131A0,SOL 차이나소비트렌드,20251126,10060,10060000000,SOLACTIVE-KEDI CHINA CONSUMER TREND INDEX(PR)
415760,SOL 차이나육성산업액티브(합성),20251126,10720,23798400000,STAR 50 Index(Price Return)
413220,SOL 차이나태양광CSI(합성),20251126,5435,6522000000,CSI Photovoltaic Industry Index(PR)
469830,SOL 초단기채권액티브,20251126,53890,987372580000,KAP 단기자금시장지수
0105E0,SOL 코리아고배당,20251126,10550,183042500000,FnGuide 코리아 고배당 지수(PR)
444200,SOL 코리아메가테크액티브,20251126,29660,318845000000,KEDI 메가테크지수(PR)
495550,SOL 코리아밸류업TR,20251126,16160,58176000000,코리아 밸류업 TR 지수
450910,SOL 코스닥150,20251126,14875,28560000000,코스닥 150
0040X0,SOL 팔란티어미국채커버드콜혼합,20251126,11955,93249000000,KEDI 팔란티어미국채커버드콜혼합지수(NTR)
0040Y0,SOL 팔란티어커버드콜OTM채권혼합,20251126,10155,237627000000,KEDI 팔란티어커버드콜OTM 채권혼합지수(NTR)
0105D0,SOL 한국AI소프트웨어,20251126,10090,20180000000,KEDI 한국AI소프트웨어 지수(PR)
0092B0,SOL 한국원자력SMR,20251126,10800,52920000000,FnGuide 한국원자력 SMR 지수(PR)
423170,SOL 한국형글로벌반도체액티브,20251126,29125,72230000000,S&P Global Semiconductor Korea Tilted Index(PR)
429980,SOL 한국형글로벌전기차&2차전지액티브,20251126,14605,7302500000,FactSet Global Electric Vehicle and Rechargeable Battery Korea-Tilted Index(PR)
0008T0,SOL 화장품TOP3플러스,20251126,12940,103520000000,FnGuide 화장품TOP3 플러스 지수(PR)
102110,TIGER 200,20251126,56115,4233876750000,코스피 200
139260,TIGER 200 IT,20251126,50845,495230300000,코스피 200 정보기술
139220,TIGER 200 건설,20251126,4565,29855100000,코스피 200 건설
139290,TIGER 200 경기소비재,20251126,19155,5746500000,코스피 200 경기소비재
139270,TIGER 200 금융,20251126,12615,31537500000,코스피 200 금융
227550,TIGER 200 산업재,20251126,10260,17852400000,코스피 200 산업재
227560,TIGER 200 생활소비재,20251126,12585,5034000000,코스피 200 생활소비재
139250,TIGER 200 에너지화학,20251126,14375,26450000000,코스피 200 에너지/화학
139230,TIGER 200 중공업,20251126,13850,447355000000,코스피 200 중공업
139240,TIGER 200 철강소재,20251126,11475,7114500000,코스피 200 철강/소재
227540,TIGER 200 헬스케어,20251126,22625,42987500000,코스피 200 헬스케어
243880,TIGER 200IT레버리지,20251126,77775,52498125000,코스피 200 정보기술
310960,TIGER 200TR,20251126,32630,156624000000,코스피 200 TR
252000,TIGER 200동일가중,20251126,15985,8791750000,코스피 200 동일가중지수
267770,TIGER 200선물레버리지,20251126,31260,96906000000,코스피 200 선물지수
252710,TIGER 200선물인버스2X,20251126,779,65591800000,코스피 200 선물지수
243890,TIGER 200에너지화학레버리지,20251126,7345,5325125000,코스피 200 에너지/화학
315270,TIGER 200커뮤니케이션서비스,20251126,21815,6108200000,코스피 200 커뮤니케이션서비스
289480,TIGER 200커버드콜,20251126,9120,23712000000,코스피 200 커버드콜 ATM 지수
166400,TIGER 200커버드콜OTM,20251126,16060,8030000000,코스피 200 커버드콜 5% OTM
0104N0,TIGER 200타겟위클리커버드콜,20251126,11580,41688000000,코스피 200 타겟 7% 위클리 커버드콜 지수
494900,TIGER 25-12 금융채(AA-이상),20251126,51845,1126799230000,KIS 금융채2512만기형 지수(총수익)
0001S0,TIGER 26-04 회사채(A+이상)액티브,20251126,51565,229154860000,KIS 회사채 2604만기형 지수
480260,TIGER 27-04회사채(A+이상)액티브,20251126,53655,500386530000,KIS 회사채2704만기형 지수 (총수익 지수)
0094K0,TIGER 28-04 회사채(A+이상)액티브,20251126,99200,279644800000,KIS 회사채 2804만기형 지수(총수익)
364980,TIGER 2차전지TOP10,20251126,9770,531976500000,KRX 2차전지 TOP 10 지수
412570,TIGER 2차전지TOP10레버리지,20251126,1555,143448750000,KRX 2차전지 TOP 10 지수
462010,TIGER 2차전지소재Fn,20251126,5480,701440000000,FnGuide 2차전지소재 (Price Return) 지수
305540,TIGER 2차전지테마,20251126,19070,1159456000000,WISE 2차전지 테마 지수
471760,TIGER AI반도체핵심공정,20251126,11430,127444500000,iSelect AI반도체핵심공정지수
365040,TIGER AI코리아그로스액티브,20251126,20100,32160000000,코스피
364960,TIGER BBIG,20251126,7260,129591000000,KRX BBIG 지수
412560,TIGER BBIG레버리지,20251126,2535,2154750000,KRX BBIG 지수
475630,TIGER CD1년금리액티브(합성),20251126,1058605,1185743460500,KIS CD 1Y 총수익지수
357870,TIGER CD금리투자KIS(합성),20251126,56815,5267318650000,KIS CD Index(총수익)
499660,TIGER CD금리플러스액티브(합성),20251126,1002050,401220820000,KIS CD+CPI연동금리 월분배 지수
400970,TIGER Fn메타버스,20251126,7570,72672000000,FnGuide 메타버스테마 지수
377990,TIGER Fn신재생에너지,20251126,17565,73773000000,FnGuide 신재생에너지 지수
417630,TIGER KEDI혁신기업ESG30,20251126,13690,16428000000,KEDI 혁신기업ESG30 지수(시장가격 지수)
449170,TIGER KOFR금리액티브(합성),20251126,110260,2662779000000,KOFR 지수
292160,TIGER KRX300,20251126,25985,12992500000,KRX 300
0072R0,TIGER KRX금현물,20251126,13200,873180000000,KRX 금현물지수
404540,TIGER KRX기후변화솔루션,20251126,15295,5353250000,KRX 기후변화 솔루션지수
228820,TIGER KTOP30,20251126,11050,9945000000,KTOP 30
300610,TIGER K게임,20251126,6480,16848000000,WISE K게임 테마 지수
463250,TIGER K방산&우주,20251126,27535,240931250000,iSelect K방산&우주
138530,TIGER LG그룹+펀더멘털,20251126,8940,14125200000,MKF LG그룹+ FW
445910,TIGER MKF배당귀족,20251126,16605,11623500000,MKF 배당귀족 지수(시장가격지수)
289260,TIGER MSCI KOREA ESG리더스,20251126,15440,12043200000,MSCI Korea Country ESG Leaders Capped Index
289250,TIGER MSCI KOREA ESG유니버설,20251126,16450,10857000000,MSCI Korea ESG Universal Index
310970,TIGER MSCI Korea TR,20251126,24105,2101956000000,MSCI Korea TR Index
269370,TIGER S&P글로벌인프라(합성),20251126,17260,13808000000,S&P Global Infrastructure Index
248270,TIGER S&P글로벌헬스케어(합성),20251126,26515,27575600000,S&P Global 1200 Health Care Index
0025N0,TIGER TDF2045,20251126,11595,389012250000,S&P 500 and Korea Target Date 2045 (KRW) PR 지수
292150,TIGER TOP10,20251126,18590,1337550500000,FnGuide TOP10 지수
453950,TIGER TSMC파운드리밸류체인,20251126,20900,24035000000,FactSet TSMC 파운드리 밸류체인 지수(시장가격지수)
364990,TIGER 게임TOP10,20251126,5275,60662500000,KRX 게임 TOP 10 지수
139280,TIGER 경기방어,20251126,12430,62150000000,코스피 200 경기방어소비재
237440,TIGER 경기방어채권혼합,20251126,10185,8148000000,경기방어소비재 채권혼합 지수
319640,TIGER 골드선물(H),20251126,25780,146946000000,S&P GSCI Gold Index(TR)
160580,TIGER 구리실물,20251126,13630,55542250000,S&P GSCI Cash Copper Index
451530,TIGER 국고채30년스트립액티브,20251126,53475,126735750000,KIS STRIP 30Y Index(총수익지수)
114820,TIGER 국채3년,20251126,105655,118544910000,KTB INDEX(시장가격)
275980,TIGER 글로벌4차산업혁신기술(합성 H),20251126,20070,73054800000,Morningstar Exponential Technologies Equal Weighted Select PR USD
464310,TIGER 글로벌AI&로보틱스 INDXX,20251126,14500,108025000000,Indxx Global Robotics & Artificial Intelligence Thematic Index(PR)
418670,TIGER 글로벌AI사이버보안,20251126,14090,34943200000,Indxx Cybersecurity 지수 (PR)
466950,TIGER 글로벌AI액티브,20251126,22695,363120000000,Indxx Artificial Intelligence and Big Data 지수(PR)
491010,TIGER 글로벌AI전력인프라액티브,20251126,18915,354277950000,Mirae Asset AI Infrastructure 지수(PR)
412770,TIGER 글로벌AI플랫폼액티브,20251126,13750,122925000000,Indxx Global Metaverse Index (Price Return)
394670,TIGER 글로벌리튬&2차전지SOLACTIVE(합성),20251126,9965,288187800000,Solactive Global Lithium 지수(PR)
440340,TIGER 글로벌멀티에셋TIF액티브,20251126,12140,17603000000,INDXX 멀티에셋인컴 지수(시장가격 지수)
476690,TIGER 글로벌비만치료제TOP2Plus,20251126,10590,63010500000,Indxx Global Obesity Treatment Top 2 Plus 지수 (시장가격)
480310,TIGER 글로벌온디바이스AI,20251126,13095,54999000000,Mirae Asset Global On-Device AI 지수 (PR)
387270,TIGER 글로벌이노베이션액티브,20251126,20480,26009600000,NASDAQ 100
276000,TIGER 글로벌자원생산기업(합성 H),20251126,16315,13867750000,MorningStar Global Upstream Resources Index(PR)
394660,TIGER 글로벌자율주행&전기차SOLACTIVE,20251126,14165,306530600000,Solactive Autonomous & Electric Vehicles 지수(PR)
371450,TIGER 글로벌클라우드컴퓨팅INDXX,20251126,12170,27260800000,Indxx Global Cloud Computing Index(PR)
464930,TIGER 글로벌혁신블루칩TOP10,20251126,20235,152774250000,Mirae Asset Global Innovative Bluechip Top 10 Index(PR)
139320,TIGER 금은선물(H),20251126,17880,25032000000,S&P GSCI Precious Metals Index(TR)
137610,TIGER 농산물선물Enhanced(H),20251126,5220,13050000000,S&P GSCI Agriculture Enhanced Index(ER)
182490,TIGER 단기선진하이일드(합성 H),20251126,13740,8244000000,Markit iBoxx USD Liquid High Yield 0-5 year 지수
272580,TIGER 단기채권액티브,20251126,56370,849834120000,KIS MSB 6M PLUS 지수
157450,TIGER 단기통안채,20251126,111645,1096242255000,KIS MSB 6M(총수익)
105010,TIGER 라틴35,20251126,5630,6756000000,BNY Latin America 35 ADR
123320,TIGER 레버리지,20251126,40630,105638000000,코스피 200
174350,TIGER 로우볼,20251126,17655,8474400000,FnGuide Low Vol 지수
329200,TIGER 리츠부동산인프라,20251126,4450,1040410000000,FnGuide 리츠부동산인프라
0086C0,TIGER 리츠부동산인프라10채권혼합액티브,20251126,10150,15225000000,KEDI 리츠부동산인프라TOP10채권혼합지수 (Price Return)
0086B0,TIGER 리츠부동산인프라TOP10액티브,20251126,10355,103550000000,KEDI 리츠부동산인프라TOP10지수 (Price Return)
341850,TIGER 리츠부동산인프라채권,20251126,4870,18019000000,KIS 리츠부동산인프라채권PR 지수
0043B0,TIGER 머니마켓액티브,20251126,101695,3230239980000,KIS-미래에셋 MMF지수
147970,TIGER 모멘텀,20251126,50090,31055800000,FnGuide 모멘텀 지수
458250,TIGER 미국30년국채스트립액티브(합성 H),20251126,40005,835144380000,ICE BofA Long US Treasury Principal STRIPS Index
476550,TIGER 미국30년국채커버드콜액티브(H),20251126,7995,1332366750000,KEDI 미국채30년 위클리 커버드콜30 지수(Total Return)
491830,TIGER 미국AI반도체팹리스,20251126,15165,29571750000,Mirae Asset US AI Fabless 지수(PR)
490090,TIGER 미국AI빅테크10,20251126,15195,228684750000,KEDI 미국AI빅테크10 지수(PR)
493810,TIGER 미국AI빅테크10타겟데일리커버드콜,20251126,12330,255847500000,KEDI 미국AI빅테크10+15%데일리프리미엄 지수(TR)
0102A0,TIGER 미국AI소프트웨어TOP4Plus,20251126,10315,123264250000,Akros U.S. AI Software TOP4 Plus 지수 (Price Return)
0123G0,TIGER 미국AI전력SMR,20251126,7745,133601250000,Akros U.S. AI Electricity SMR Index 지수(PR)
182480,TIGER 미국MSCI리츠(합성 H),20251126,12660,155718000000,MSCI US REIT Index
360750,TIGER 미국S&P500,20251126,24695,11646162000000,S&P 500
448290,TIGER 미국S&P500(H),20251126,15995,419868750000,S&P 500
488500,TIGER 미국S&P500동일가중,20251126,11625,111600000000,S&P 500 Equal Weight Index(PR)
225040,TIGER 미국S&P500레버리지(합성 H),20251126,55795,64722200000,S&P 500
429000,TIGER 미국S&P500배당귀족,20251126,12950,117197500000,S&P 500 Dividend Aristocrats 지수 (Price Return)
143850,TIGER 미국S&P500선물(H),20251126,71165,104968375000,S&P 500 Futures Index(ER)
225030,TIGER 미국S&P500선물인버스(H),20251126,2575,6952500000,S&P 500 Futures Total Return Index
482730,TIGER 미국S&P500타겟데일리커버드콜,20251126,12005,411771500000,S&P500 10% Daily Premium Covered Call Index(TR)
133690,TIGER 미국나스닥100,20251126,163325,6933146250000,NASDAQ 100
448300,TIGER 미국나스닥100(H),20251126,19925,294890000000,NASDAQ 100
483240,TIGER 미국나스닥100ETF선물,20251126,12595,25190000000,KRX 나스닥 100 ETF 선물지수
418660,TIGER 미국나스닥100레버리지(합성),20251126,35200,244640000000,NASDAQ 100
435420,TIGER 미국나스닥100채권혼합Fn,20251126,13675,276918750000,FnGuide 나스닥100 채권혼합 지수(총수익 지수)
441680,TIGER 미국나스닥100커버드콜(합성),20251126,11090,386486500000,Cboe Nasdaq-100 BuyWrite V2 지수 (Total Return)
486290,TIGER 미국나스닥100타겟데일리커버드콜,20251126,10840,1023838000000,NASDAQ 100 Daily Covered Call Target Premium 15% 지수(TR)
429010,TIGER 미국나스닥넥스트100,20251126,16780,8390000000,Nasdaq Next Generation 100 지수 (Price Return)
203780,TIGER 미국나스닥바이오,20251126,31300,88892000000,NASDAQ Biotechnology 지수(시장가격지수)
245340,TIGER 미국다우존스30,20251126,33760,121536000000,Dow Jones Industrial Average
456610,TIGER 미국달러SOFR금리액티브(합성),20251126,61865,572622440000,Solactive SOFR Daily Total Return Index
329750,TIGER 미국달러단기채권액티브,20251126,13615,486327800000,KIS U.S. TREASURY BOND 0-1Y 지수(총수익)
261110,TIGER 미국달러선물레버리지,20251126,17830,12481000000,미국달러선물지수
261120,TIGER 미국달러선물인버스2X,20251126,4910,28969000000,미국달러선물지수
494840,TIGER 미국방산TOP10,20251126,12180,26187000000,Mirae Asset US Defense Top 10 Index(PR)
458730,TIGER 미국배당다우존스,20251126,12710,2223614500000,Dow Jones U.S. Dividend 100 Price Return Index
0008S0,TIGER 미국배당다우존스타겟데일리커버드콜,20251126,9050,153397500000,Dow Jones U.S. Dividend 100 10% Daily Premium Covered Call 지수
458750,TIGER 미국배당다우존스타겟커버드콜1호,20251126,11320,65656000000,DowJones U.S. Dividend 100 3% Premium Covered Call 지수 (TR)
458760,TIGER 미국배당다우존스타겟커버드콜2호,20251126,9960,887934000000,DowJones U.S. Dividend 100 7% Premium Covered Call 지수 (TR)
0015K0,TIGER 미국소비트렌드액티브,20251126,8290,7295200000,Mirae Asset US Consumer Trend 지수 (PR)
305080,TIGER 미국채10년선물,20251126,13510,232372000000,S&P 10-Year U.S. Treasury Note Futures(ER)
0046A0,TIGER 미국초단기(3개월이하)국채,20251126,10170,156516300000,ICE 0-3 Month US Treasury Securities 지수
465670,TIGER 미국캐시카우100,20251126,14275,11420000000,Global X U.S. Cash Flow Kings 100 Index(PR)
381170,TIGER 미국테크TOP10 INDXX,20251126,31325,4108273750000,Indxx US Tech Top 10 Index
472160,TIGER 미국테크TOP10 INDXX(H),20251126,18330,341854500000,Indxx US Tech Top 10 Index
472170,TIGER 미국테크TOP10채권혼합,20251126,14140,335825000000,FnGuide 미국테크TOP10 채권혼합지수
474220,TIGER 미국테크TOP10타겟커버드콜,20251126,16295,534476000000,Bloomberg U.S. Tech Top10+10% Premium Covered Call Index
458260,TIGER 미국투자등급회사채액티브(H),20251126,49465,301043990000,iBoxx USD Liquid Investment Grade Index(Price Return)
497570,TIGER 미국필라델피아AI반도체나스닥,20251126,15320,788980000000,PHLX US AI Semiconductor 지수 (PR)
381180,TIGER 미국필라델피아반도체나스닥,20251126,26005,3086793500000,PHLX Semiconductor Sector Index
423920,TIGER 미국필라델피아반도체레버리지(합성),20251126,37580,319805800000,PHLX Semiconductor Sector Index
228810,TIGER 미디어컨텐츠,20251126,5365,115562100000,WISE 미디어컨텐츠 지수
364970,TIGER 바이오TOP10,20251126,8690,310667500000,KRX 바이오 TOP 10 지수
091230,TIGER 반도체,20251126,57660,425530800000,KRX 반도체
396500,TIGER 반도체TOP10,20251126,17815,1826928250000,FnGuide 반도체TOP10 지수
488080,TIGER 반도체TOP10레버리지,20251126,14175,146711250000,FnGuide 반도체TOP10 지수
098560,TIGER 방송통신,20251126,8405,4034400000,KRX 방송통신
211560,TIGER 배당성장,20251126,26325,59231250000,코스피 배당성장 50
472150,TIGER 배당커버드콜액티브,20251126,13055,182770000000,코스피 200 커버드콜 5% OTM
138520,TIGER 삼성그룹펀더멘털,20251126,18040,295134400000,MKF SAMs FW
157490,TIGER 소프트웨어,20251126,9590,158043200000,FnGuide 소프트웨어 지수
0000D0,TIGER 엔비디아미국채커버드콜밸런스(합성),20251126,10290,58653000000,KEDI 엔비디아미국채30년타겟커버드콜혼합지수(TR)
228800,TIGER 여행레저,20251126,3365,105795600000,WISE 여행레저 지수
227570,TIGER 우량가치,20251126,15725,7076250000,FnGuide 퀄리티밸류 지수
438330,TIGER 우량회사채액티브,20251126,115950,796460550000,KIS 투자등급회사채 지수(총수익)
261140,TIGER 우선주,20251126,17645,26467500000,코스피 우선주 지수
130680,TIGER 원유선물Enhanced(H),20251126,3865,22223750000,S&P GSCI Crude Oil Enhanced Index ER
217770,TIGER 원유선물인버스(H),20251126,2795,5310500000,S&P GSCI Crude Oil Index ER
195930,TIGER 유로스탁스50(합성 H),20251126,20335,35586250000,EURO STOXX 50 Index
225050,TIGER 유로스탁스레버리지(합성 H),20251126,13335,6000750000,EURO STOXX 50 Index
245350,TIGER 유로스탁스배당30,20251126,17760,28416000000,Euro STOXX Select Dividend 30
091220,TIGER 은행,20251126,13060,16978000000,KRX 은행
466940,TIGER 은행고배당플러스TOP10,20251126,21045,781821750000,FnGuide 은행고배당플러스TOP10 지수(시장가격 지수)
307510,TIGER 의료기기,20251126,17960,8980000000,FnGuide 의료기기 지수
225060,TIGER 이머징마켓MSCI레버리지(합성 H),20251126,11350,12031000000,MSCI EM Index
453870,TIGER 인도니프티50,20251126,14345,475536750000,Nifty 50 Index
236350,TIGER 인도니프티50레버리지(합성),20251126,46300,33336000000,Nifty 50 Index
479730,TIGER 인도빌리언컨슈머,20251126,11310,132892500000,Mirae Asset India Billion Consumer 지수(PR)
123310,TIGER 인버스,20251126,2965,53073500000,코스피 200 선물지수
365000,TIGER 인터넷TOP10,20251126,4805,89853500000,KRX 인터넷 TOP 10 지수
195920,TIGER 일본TOPIX(합성 H),20251126,28680,14340000000,TOPIX
241180,TIGER 일본니케이225,20251126,28290,351927600000,Nikkei 225
465660,TIGER 일본반도체FACTSET,20251126,15690,14905500000,FactSet Japan Semiconductor Index(PR)
292560,TIGER 일본엔선물,20251126,8900,49840000000,엔선물지수
494670,TIGER 조선TOP10,20251126,27040,765232000000,iSelect 조선TOP10 Index(PR)
451540,TIGER 종합채권(AA-이상)액티브,20251126,55940,1032988040000,KIS 종합채권 AA-이상 총수익 지수(Total return Index)
150460,TIGER 중국소비테마,20251126,7400,77700000000,FnGuide 중국내수테마 지수
302190,TIGER 중장기국채,20251126,51925,317781000000,KIS 국채 3-10년 지수(시장가격지수)
157500,TIGER 증권,20251126,10265,189286600000,FnGuide 증권 지수
307520,TIGER 지주회사,20251126,15965,312115750000,FnGuide 지주회사 지수
0067Y0,TIGER 차이나AI소프트웨어,20251126,12930,27799500000,"Mirae Asset China AI Software 지수 (Price Return, HKD)"
192090,TIGER 차이나CSI300,20251126,12605,201049750000,CSI 300 Index
204480,TIGER 차이나CSI300레버리지(합성),20251126,25955,109011000000,CSI 300 Index
217780,TIGER 차이나CSI300인버스(합성),20251126,5930,9488000000,CSI 300 Index
245360,TIGER 차이나HSCEI,20251126,14215,50463250000,Hang Seng China H
414780,TIGER 차이나과창판STAR50(합성),20251126,11140,189937000000,STAR 50 Index(Price Return)
0067V0,TIGER 차이나글로벌리더스TOP3+,20251126,11530,62262000000,"Solactive-KEDI 차이나글로벌리더스TOP3플러스 지수 (Price Return, CNH)"
371470,TIGER 차이나바이오테크SOLACTIVE,20251126,9160,76211200000,Solactive China Biotech Index(PR)
396520,TIGER 차이나반도체FACTSET,20251126,9240,119750400000,FactSet China Semiconductor 지수(PR)
371460,TIGER 차이나전기차SOLACTIVE,20251126,12400,1630848000000,Solactive China Electric Vehicle and Battery Index(PR)
456680,TIGER 차이나전기차레버리지(합성),20251126,9515,70696450000,Solactive China Electric Vehicle and Battery Index(PR)
396510,TIGER 차이나클린에너지SOLACTIVE,20251126,7845,20083200000,Solactive China Clean Energy 지수(PR)
0047A0,TIGER 차이나테크TOP10,20251126,12675,333352500000,Mirae Asset China Tech Top 10 지수 (Price Return)
117690,TIGER 차이나항셍30,20251126,23955,14373000000,Hang Seng China (Hong Kong-listed) 30 Index
371160,TIGER 차이나항셍테크,20251126,9155,1123318500000,Hang Seng TECH Index
438320,TIGER 차이나항셍테크레버리지(합성 H),20251126,8895,35491050000,Hang Seng TECH Index
0053L0,TIGER 차이나휴머노이드로봇,20251126,12200,401380000000,Mirae Asset China Humanoid Robot 지수(PR)
0117V0,TIGER 코리아AI전력기기TOP3플러스,20251126,12340,329478000000,KEDI 코리아AI전력기기TOP3플러스 지수
0052D0,TIGER 코리아배당다우존스,20251126,13255,667389250000,Dow Jones Korea Dividend 30 지수 (Price Return)
0104P0,TIGER 코리아배당다우존스위클리커버드콜,20251126,10410,33312000000,KRX 다우존스 코리아 배당 30 타겟 7% 위클리 커버드콜 지수
496080,TIGER 코리아밸류업,20251126,15955,149977000000,코리아 밸류업 지수
0091P0,TIGER 코리아원자력,20251126,10385,299088000000,iSelect 코리아 원자력 지수 (Price Return)
471780,TIGER 코리아테크액티브,20251126,16965,25786800000,KRX 정보기술
232080,TIGER 코스닥150,20251126,15505,228853800000,코스닥 150
233160,TIGER 코스닥150 레버리지,20251126,12490,70568500000,코스닥 150
261060,TIGER 코스닥150IT,20251126,15845,5387300000,코스닥 150 정보기술
261070,TIGER 코스닥150바이오테크,20251126,18280,43140800000,코스닥 150 헬스케어
250780,TIGER 코스닥150선물인버스,20251126,3045,16595250000,F-코스닥150 지수
461580,TIGER 코스닥글로벌,20251126,15190,8354500000,코스닥 글로벌 지수
277630,TIGER 코스피,20251126,41060,283314000000,코스피
210780,TIGER 코스피고배당,20251126,19800,62964000000,코스피 고배당 50
277640,TIGER 코스피대형주,20251126,20425,22467500000,코스피 대형주
277650,TIGER 코스피중형주,20251126,19025,3805000000,코스피 중형주
376410,TIGER 탄소효율그린뉴딜,20251126,13315,13315000000,KRX/S&P 탄소효율 그린뉴딜지수
447770,TIGER 테슬라채권혼합Fn,20251126,15050,635862500000,FnGuide 테슬라채권혼합 지수
0060H0,TIGER 토탈월드스탁액티브,20251126,11810,328318000000,FTSE Global All Cap Index(PR)
387280,TIGER 퓨처모빌리티액티브,20251126,9485,14986300000,FnGuide 퓨처모빌리티 지수
449690,TIGER 한중반도체(합성),20251126,25025,18768750000,KRX CSI 한·중 반도체지수
449680,TIGER 한중전기차(합성),20251126,10880,9248000000,KRX CSI 한·중 전기차지수
143860,TIGER 헬스케어,20251126,48005,229463900000,KRX 헬스케어
138540,TIGER 현대차그룹+펀더멘털,20251126,38405,93708200000,MKF 현대차그룹+ FW
228790,TIGER 화장품,20251126,3410,412985100000,WISE 화장품 지수
441800,TIMEFOLIO Korea플러스배당액티브,20251126,18980,263062800000,코스피 200
463050,TIMEFOLIO K바이오액티브,20251126,19390,381013500000,KRX 헬스케어
404120,TIMEFOLIO K신재생에너지액티브,20251126,16635,13308000000,KRX 기후변화 솔루션지수
385710,TIMEFOLIO K이노베이션액티브,20251126,9865,12824500000,KRX BBIG 지수
410870,TIMEFOLIO K컬처액티브,20251126,10985,87880000000,FnGuide K-컬처 지수
456600,TIMEFOLIO 글로벌AI인공지능액티브,20251126,34640,1020494400000,Solactive Global Artificial Intelligence 지수
485810,TIMEFOLIO 글로벌바이오액티브,20251126,11060,12719000000,KEDI 글로벌 불로장생바이오 지수(원화환산)
494180,TIMEFOLIO 글로벌소비트렌드액티브,20251126,13135,18389000000,Solactive 뉴에이지컨수머지수
478150,TIMEFOLIO 글로벌우주테크&방산액티브,20251126,18800,214320000000,Solactive Aerospace and Defense USD Index PR
0113D0,TIMEFOLIO 글로벌탑픽액티브,20251126,9810,55426500000,"Bloomberg World Large, Mid & Small cap PR Index"
426020,TIMEFOLIO 미국S&P500액티브,20251126,27455,113114600000,S&P 500
426030,TIMEFOLIO 미국나스닥100액티브,20251126,34630,991803200000,NASDAQ 100
0019K0,TIMEFOLIO 미국나스닥100채권혼합50액티브,20251126,11545,140849000000,FnGuide 미국나스닥100 단기채권혼합 지수
0036D0,TIMEFOLIO 미국배당다우존스액티브,20251126,10545,20562750000,Dow Jones U.S. Dividend 100 Price Return Index
0043Y0,TIMEFOLIO 차이나AI테크액티브,20251126,13260,175032000000,Solactive China Artificial Intelligence 지수(원화환산)(PR)
495060,TIMEFOLIO 코리아밸류업액티브,20251126,14795,42905500000,코리아 밸류업 지수
385720,TIMEFOLIO 코스피액티브,20251126,14025,133237500000,코스피
108590,TREX 200,20251126,56135,11227000000,코스피 200
145850,TREX 펀더멘탈 200,20251126,60250,15062500000,FnGuide-RAFI 코리아200 지수
472720,TRUSTON 주주가치액티브,20251126,17915,15048600000,코스피 200
496130,TRUSTON 코리아밸류업액티브,20251126,15585,9351000000,코리아 밸류업 지수
433250,UNICORN R&D 액티브,20251126,16575,6630000000,코스피 200
494220,UNICORN SK하이닉스밸류체인액티브,20251126,18840,53694000000,FnGuide SK하이닉스밸류체인 지수
470310,UNICORN 생성형AI강소기업액티브,20251126,11030,2757500000,iSelect AI 지수
476000,UNICORN 포스트IPO액티브,20251126,11300,5085000000,iSelect 포스트 IPO 지수
422260,VITA MZ소비액티브,20251126,10205,15307500000,FnGuide MZ 소비 지수
452440,VITA 밸류알파액티브,20251126,16315,11420500000,FnGuide 밸류알파지수
448100,WON 200,20251126,57610,61930750000,코스피 200
413930,WON AI ESG액티브,20251126,15050,12040000000,MK-iSelect AI ESG 지수(시장가격지수)
0088N0,WON K-글로벌수급상위,20251126,11000,44000000000,DeepSearch 외인수급 Top20 지수
458030,WON 국공채머니마켓액티브,20251126,54470,58609720000,KAP 국공채 머니마켓 총수익 지수
426150,WON 대한민국국고채액티브,20251126,56715,68965440000,KAP 한국 국고채 총수익 지수
444490,WON 미국S&P500,20251126,18820,48932000000,S&P 500
489290,WON 미국빌리어네어,20251126,15655,41485750000,Bloomberg US Billionaires Investment Select Index(PR)
440910,WON 미국우주항공방산,20251126,23025,36840000000,S&P Aerospace & Defense Select Industry Index(PR)
474590,WON 반도체밸류체인액티브,20251126,17810,81926000000,FnGuide 반도체 밸류체인 (Price Return) 지수
496020,WON 전단채플러스액티브,20251126,51835,154260960000,KIS 전단채플러스 TR 지수
488720,WON 종합채권(AA-이상)액티브,20251126,51235,67117850000,KIS 종합채권시장 총수익지수(AA-이상)
480460,WON 한국부동산TOP3플러스,20251126,9990,9990000000,DeepSearch 한국부동산TOP3플러스 지수
0053M0,더제이 중소형포커스액티브,20251126,10385,10385000000,코스피 200 중소형주지수
488290,마이다스 일본테크액티브,20251126,31020,8530500000,Solactive Japan Tech Top 30 지수(PR)
438740,마이다스 중소형액티브,20251126,30110,6774750000,코스피 중형주
403790,마이다스 코스피액티브,20251126,32585,68428500000,코스피
0112X0,마이티 200TR,20251126,20960,10480000000,코스피 200 TR
465780,마이티 26-09 특수채(AAA)액티브,20251126,107235,108414585000,KAP 26-09 특수채 지수(총수익)
442260,마이티 다이나믹퀀트액티브,20251126,19410,32608800000,코스피 200
0001P0,마이티 바이오시밀러&CDMO액티브,20251126,11460,13293600000,FnGuide 바이오시밀러&CDMO 지수
159800,마이티 코스피100,20251126,43530,12188400000,코스피 100
0007N0,아이엠에셋 200,20251126,56810,53969500000,코스피 200
462340,에셋플러스 글로벌다이나믹시니어액티브,20251126,17300,8996000000,S&P 500
433220,에셋플러스 글로벌대장장이액티브,20251126,24825,15391500000,S&P 500
451150,에셋플러스 글로벌영에이지액티브,20251126,19860,12313200000,S&P 500
477490,에셋플러스 글로벌일등기업포커스10액티브,20251126,19535,15628000000,MSCI World
407830,에셋플러스 글로벌플랫폼액티브,20251126,16725,58537500000,S&P 500
0002C0,에셋플러스 인도일등기업포커스20액티브,20251126,10955,11831400000,MSCI India IMI Index(PR)
474920,에셋플러스 차이나일등기업포커스10액티브,20251126,17920,19712000000,"MSCI China Index(USD, Price Return)"
442090,에셋플러스 코리아대장장이액티브,20251126,18900,17010000000,FnGuide 대장장이 지수(Price Return)
407820,에셋플러스 코리아플랫폼액티브,20251126,7895,16579500000,FnGuide 플랫폼 지수(Price Return)
152870,파워 200,20251126,56620,101916000000,코스피 200
491510,파워 K-주주가치액티브,20251126,14030,15433000000,FnGuide K-주주가치 지수
192720,파워 고배당저변동성,20251126,46200,12474000000,코스피 200 고배당지수
498180,파워 종합채권(AA-이상)액티브,20251126,100970,128332870000,"KIS 한국종합채권지수(AA-이상, 총수익)"
140950,파워 코스피100,20251126,42975,24066000000,코스피 100
